Item_ID;UNIT;repeated;New_Cycle;Block;Block_Seq;Grade;Subject;Cycle;Secured_Status;Scaling_Status;Content_Domain;Topic_Area;Topic;Biology_Applying;Biology_Knowing;Biology_Reasoning;Chemistry_Applying;Chemistry_Knowing;Chemistry_Reasoning;Earth_Applying;Earth_Knowing;Earth_Reasoning;Physics_Applying;Physics_Knowing;Physics_Reasoning;Topic;Performance_Objective;Cognitive_Domain;Item_Type;Options;Key;Maximum_Points;Label;derived;a;b;c
S042003;;0;0;S07;03;8;S;4;Restricted_Use;Yes;Biology;Characteristics_and_Life_Processes_of_Organisms;;1;0;0;0;0;0;0;0;0;0;0;0;2;C;Applying;MC;4;B;1;O2-CO2_exchange_in_an_animal_skin;0;0.359156872;0.695570304;0.061288711
S042015;;0;0;S05;03;8;S;4;Restricted_Use;Yes;Biology;Cells_and_Their_Functions;;0;1;0;0;0;0;0;0;0;0;0;0;1;C;Knowing;MC;4;D;1;Function_of_the_cell_membrane;0;1.601879731;1.146978864;0.277300956
S042016;;0;0;S01;03;8;S;4;Restricted_Use;Yes;Biology;Cells_and_Their_Functions;;0;1;0;0;0;0;0;0;0;0;0;0;1;C;Knowing;MC;4;A;1;Organelle_that_produces_energy;0;1.542135998;1.234213861;0.139572626
S042030;;0;0;S07;02;8;S;4;Restricted_Use;Yes;Biology;Life_Cycles_Reproduction_and_Heredity;;1;0;0;0;0;0;0;0;0;0;0;0;1;A;Applying;CR;;;1;What_kind_of_reproduction;0;0.87270548;0.755052024;0.001840977
S042049B;S042049;0;0;S05;05B;8;S;4;Restricted_Use;Yes;Biology;Ecosystems;;0;0;1;0;0;0;0;0;0;0;0;0;4;B;Reasoning;CR;;;1;Number_of_lynxes_in_1996_vs_2004;0;1.107388773;-0.210194804;0.342304986
S042064;;0;;S07;11;8;S;4;Restricted_Use;Yes;Chemistry;Properties_of_Matter;;0;0;0;1;0;0;0;0;0;0;0;0;2;A;Applying;CR;;;1;Why_oil_floats_on_top_of_water;0;1.638369808;1.902876215;0.047551635
S042065;;0;0;S07;06;8;S;4;Restricted_Use;Yes;Chemistry;Properties_of_Matter;;0;0;0;0;1;0;0;0;0;0;0;0;2;A;Knowing;MC;4;C;1;Good_conductor_of_heat-electricity;0;1.216787921;-0.815734117;0.289732158
S042068;;0;0;S01;06;8;S;4;Restricted_Use;Yes;Chemistry;Composition_of_Matter;;0;0;0;0;1;0;0;0;0;0;0;0;1;B;Knowing;MC;4;A;1;Which_one_is_a_mixture;0;0.764678816;1.692336363;0.015552014
S042088;;0;0;S07;08;8;S;4;Restricted_Use;Yes;Chemistry;Properties_of_Matter;;0;0;0;1;0;0;0;0;0;0;0;0;3;C;Applying;CR;;;1;Which_solution_is_more_dilute;0;0.809967424;-0.423184858;0.008099822
S042094;;0;0;S01;09;8;S;4;Restricted_Use;Yes;Physics;Physical_States_and_Changes_in_Matter;;0;0;0;0;0;0;0;0;0;1;0;0;1;B;Applying;CR;;;1;Why_plastic_bottle_cracked;0;1.011113505;0.333662328;0.001512493
S042104;;0;0;S07;10;8;S;4;Restricted_Use;Yes;Chemistry;Chemical_Change;;0;0;0;0;0;1;0;0;0;0;0;0;2;A;Reasoning;CR;;;1;Balance_after_HCL-NaOH_are_mixed;0;0.7133902;2.582399223;0.000839727
S042110;;0;0;S07;04;8;S;4;Restricted_Use;Yes;Chemistry;Chemical_Change;;0;0;0;1;0;0;0;0;0;0;0;0;1;C;Applying;MC;4;D;1;Which_nails_rusted_most;0;0.407338946;-2.269030182;0.048258955
S042126;;0;0;S05;09;8;S;4;Restricted_Use;Yes;Earth_Science;Earth_s_Processes_Cycles_and_History;;0;0;0;0;0;0;0;1;0;0;0;0;3;D;Knowing;MC;4;A;1;Gas_increasing_in_atmosphere;0;1.210279426;-0.576773624;0.305760877
S042135;;0;0;S05;13;8;S;4;Restricted_Use;Yes;Earth_Science;Earth_s_Processes_Cycles_and_History;;0;0;0;0;0;0;0;1;0;0;0;0;2;A;Knowing;CR;;;1;Water_cycle_processes;0;1.898063862;-0.642662305;0.279003282
S042164;;0;0;S01;14;8;S;4;Restricted_Use;Yes;Earth_Science;Earth_in_the_Solar_System_and_the_Universe;;0;0;0;0;0;0;0;1;0;0;0;0;1;C;Knowing;MC;4;B;1;Result_gravitational_pull_of_moon;0;1.80105518;0.205130743;0.210073336
S042176;;0;0;S05;11;8;S;4;Restricted_Use;Yes;Physics;Physical_States_and_Changes_in_Matter;;0;0;0;0;0;0;0;0;0;0;0;1;2;B;Reasoning;CR;;;1;Flasks_contain_fresh_&_salt_water;0;1.587268106;0.579235798;0.076086055
S042182;;0;0;S05;06;8;S;4;Restricted_Use;Yes;Physics;Energy_Transformation_and_Transfer;;0;0;0;0;0;0;0;0;0;0;1;0;1;A;Knowing;MC;4;C;1;Type_of_energy_compressed_spring;0;1.018672118;-2.199341571;0.149738804
S042195;;0;0;S01;11;8;S;4;Restricted_Use;Yes;Physics;Electricity_and_Magnetism;;0;0;0;0;0;0;0;0;0;1;0;0;1;C;Applying;CR;;;1;What_is_resistance_in_a_circuit;0;0.368962267;2.466234497;0.008705399
S042210;;0;;S05;10;8;S;4;Restricted_Use;Yes;Physics;Physical_States_and_Changes_in_Matter;;0;0;0;0;0;0;0;0;0;0;1;0;2;D;Knowing;MC;4;C;1;Mass/volume_of_frozen_water__;0;2.230808151;1.776571464;0.329265131
S042211;;0;0;S05;12;8;S;4;Restricted_Use;Yes;Physics;Forces_and_Motion;;0;0;0;0;0;0;0;0;0;1;0;0;1;A;Applying;CR;;;1;Forces_on_student_sitting_on_wall_;0;1.687681297;0.224270644;0.260297472
S042216;;0;0;S01;07;8;S;4;Restricted_Use;Yes;Physics;Light_and_Sound;;0;0;0;0;0;0;0;0;0;1;0;0;1;D;Applying;MC;4;D;1;Student_reading_a_book;0;0.613761093;1.682228025;0.216521691
S042217;;0;0;S07;15;8;S;4;Restricted_Use;Yes;Earth_Science;Earth_in_the_Solar_System_and_the_Universe;;0;0;0;0;0;0;0;1;0;0;0;0;1;A;Knowing;MC;4;B;1;Shadow_of_a_tree_on_a_sunny_day;0;1.40669588;0.263712202;0.088174481
S042218;;0;0;S07;09;8;S;4;Restricted_Use;Yes;Physics;Forces_and_Motion;;0;0;0;0;0;0;0;0;0;1;0;0;1;A;Applying;MC;4;B;1;Why_does_a_balloon_with_helium_rise;0;1.125187188;0.064765393;0.119054953
S042222A;S042222;0;0;S07;05A;8;S;4;Restricted_Use;Yes;Biology;Life_Cycles_Reproduction_and_Heredity;;1;0;0;0;0;0;0;0;0;0;0;0;1;A;Applying;CR;;;1;Life_cycle_stage_monarch_grows;0;1.346435179;2.169761041;0.009421447
S042222B;S042222;0;0;S07;05B;8;S;4;Restricted_Use;Yes;Biology;Life_Cycles_Reproduction_and_Heredity;;1;0;0;0;0;0;0;0;0;0;0;0;1;A;Applying;CR;;;1;Life_cycle_stage_monarch_develops;0;0.809925328;1.211603655;0.023267077
S042222C;S042222;0;0;S07;05C;8;S;4;Restricted_Use;Yes;Biology;Diversity_Adaptation_and_Natural_Selection;;1;0;0;0;0;0;0;0;0;0;0;0;1;A;Applying;MC;4;B;1;Advantage_for_viceroy_butterfly;0;1.512410144;-0.433599332;0.465833622
S042228A;S042228;0;0;S05;08A;8;S;4;Restricted_Use;Yes;Chemistry;Properties_of_Matter;;0;0;0;0;0;1;0;0;0;0;0;0;2;A;Reasoning;CR;;;1;Volume_of_the_neck_chain;0;2.094705145;1.116322101;0.030303802
S042228B;S042228;0;0;S05;08B;8;S;4;Restricted_Use;Yes;Chemistry;Properties_of_Matter;;0;0;0;0;0;1;0;0;0;0;0;0;2;A;Reasoning;CR;;;1;Complete_table_3_with_percent_gold;0;0.908435027;-1.927319508;0.01892835
S042228C;S042228;0;0;S05;08C;8;S;4;Restricted_Use;Yes;Chemistry;Properties_of_Matter;;0;0;0;1;0;0;0;0;0;0;0;0;2;A;Applying;CR;;;1;Neck_chain_with_most_gold;0;0.690289252;0.260406745;0.003207989
S042257;;0;0;S05;14;8;S;4;Restricted_Use;Yes;Earth_Science;Earth_in_the_Solar_System_and_the_Universe;;0;0;0;0;0;0;0;1;0;0;0;0;1;C;Knowing;MC;4;B;1;What_causes_the_phases_of_the_moon;0;0.800440711;2.068415165;0.321171451
S042258;;0;0;S01;01;8;S;4;Restricted_Use;Yes;Biology;Characteristics_and_Life_Processes_of_Organisms;;1;0;0;0;0;0;0;0;0;0;0;0;2;C;Applying;MC;4;C;1;Function_lungs-skin-kidneys_share;0;1.453848103;-0.007358609;0.293019153
S042273;;0;0;S07;12;8;S;4;Restricted_Use;Yes;Physics;Light_and_Sound;;0;0;0;0;0;0;0;0;0;1;0;0;1;A;Applying;CR;;;1;Seeing_lightning_&_hearing_thunder;0;1.231303377;0.231059982;0.008390911
S042280;;0;0;S07;07;8;S;4;Restricted_Use;Yes;Physics;Light_and_Sound;;0;0;0;0;0;0;0;0;0;0;0;1;2;B;Reasoning;MC;4;D;1;Relative_speed_of_sound;0;1.073904251;-0.589739125;0.00822954
S042293B;;0;0;S01;10B;8;S;4;Restricted_Use;Yes;Physics;Forces_and_Motion;;0;0;0;0;0;0;0;0;0;0;0;1;3;C;Reasoning;CR;;;1;Ball_bouncing_up_again;0;1.066615647;2.475507711;0.005548092
S042300A;S042300;0;0;S01;04A;8;S;4;Restricted_Use;Yes;Biology;Ecosystems;;1;0;0;0;0;0;0;0;0;0;0;0;2;A;Applying;CR;;;1;O2-CO2_release-removal:_animals;0;2.616222269;0.11416576;0.063176239
S042300B;;0;;S01;04B;8;S;4;Restricted_Use;Yes;Biology;Ecosystems;;1;0;0;0;0;0;0;0;0;0;0;0;2;A;Applying;CR;;;1;O2-CO2_release-removal:_plants;0;1.648402737;2.426591457;0.125454984
S042300C;S042300;0;0;S01;04C;8;S;4;Restricted_Use;Yes;Biology;Ecosystems;;1;0;0;0;0;0;0;0;0;0;0;0;2;A;Applying;CR;;;1;O2-CO2_release-removal:_photosyn.;0;1.832012762;0.398221726;0.14877496
S042301;;0;0;S07;13;8;S;4;Restricted_Use;Yes;Earth_Science;Earth_s_Processes_Cycles_and_History;;0;0;0;0;0;0;0;1;0;0;0;0;1;B;Knowing;CR;;;1;What_causes_an_earthquake;0;0.889663678;0.01992878;0.007794838
S042312;;0;0;S07;14;8;S;4;Restricted_Use;Yes;Earth_Science;Earth_in_the_Solar_System_and_the_Universe;;0;0;0;0;0;0;0;1;0;0;0;0;1;A;Knowing;MC;4;C;1;What_rotation_of_Earth_causes;0;0.736447535;0.097284166;0.444721845
S042319;;0;0;S01;05;8;S;4;Restricted_Use;Yes;Biology;Life_Cycles_Reproduction_and_Heredity;;0;0;1;0;0;0;0;0;0;0;0;0;1;B;Reasoning;CR;;;1;Designing_plant_growth_experiment;0;1.549898226;1.179423667;0.000910596
S042400;;0;0;S01;12;8;S;4;Restricted_Use;Yes;Physics;Energy_Transformation_and_Transfer;;0;0;0;0;0;0;0;0;0;1;0;0;2;C;Applying;CR;;;1;Wood/metal_container_to_keep_ice;0;1.004527889;1.019242601;0.001285516
S042402;;0;0;S05;07;8;S;4;Restricted_Use;Yes;Physics;Energy_Transformation_and_Transfer;;0;0;0;0;0;0;0;0;0;1;0;0;2;A;Applying;CR;;;1;Heat_flow_in_metal_cubes;0;1.025278898;1.930310927;0.023176736
S042406;;0;0;S07;16;8;S;4;Restricted_Use;Yes;Earth_Science;Earth_s_Structure_and_Physical_Features;;0;0;0;0;0;0;1;0;0;0;0;0;1;D;Applying;CR;;;1;Direction_river_flows;0;0.986568272;0.959427682;0.025936974
S042408;;0;0;S05;02;8;S;4;Restricted_Use;Yes;Biology;Ecosystems;;1;0;0;0;0;0;0;0;0;0;0;0;3;B;Applying;CR;;;1;Birds_can_t_survive_without_plants;0;0.824017096;2.043237747;0.096723314
S052012;;0;1;S01;03;8;S;5;Restricted_Use;Yes;Biology;Ecosystems;;0;1;0;0;0;0;0;0;0;0;0;0;1B;;Knowing;MC;4;B;1;How_decomposers_get_energy;0;1.710188839;0.103805911;0.249061469
S052015A;;0;;S07;05A;8;S;5;Restricted_Use;No;Chemistry;Composition_of_Matter;;0;0;0;1;0;0;0;0;0;0;0;0;2A;;Applying;MC;2;A;1;Symbols_represent_elements:_O_;0;2.391073674;-1.672888646;0.193458711
S052015D;S052015;0;1;S07;05D;8;S;5;Restricted_Use;No;Chemistry;Composition_of_Matter;;0;0;0;1;0;0;0;0;0;0;0;0;2A;;Applying;MC;2;B;1;Symbols_represent_elements:_NH3_;0;1.716961644;-1.23838457;0.063517998
S052015E;S052015;0;1;S07;05E;8;S;5;Restricted_Use;No;Chemistry;Composition_of_Matter;;0;0;0;1;0;0;0;0;0;0;0;0;2A;;Applying;MC;2;B;1;Symbols_represent_elements:_CH4_;0;1.796067264;-1.344628391;0.002037372
S052015F;S052015;0;1;S07;05F;8;S;5;Restricted_Use;No;Chemistry;Composition_of_Matter;;0;0;0;1;0;0;0;0;0;0;0;0;2A;;Applying;MC;2;A;1;Symbols_represent_elements:_Mg_;0;1.684221446;-1.207834068;0.001993978
S052021;;0;1;S01;04;8;S;5;Restricted_Use;Yes;Biology;Ecosystems;;0;0;1;0;0;0;0;0;0;0;0;0;3A;;Reasoning;CR;–;–;1;Organism_that_competes_with_humans;0;1.522952694;1.17646536;0.013607414
S052028;;0;1;S07;09;8;S;5;Restricted_Use;Yes;Physics;Electricity_and_Magnetism;;0;0;0;0;0;0;0;0;0;1;0;0;2B;;Applying;MC;4;A;1;Electromagnet_attracting_needles;0;1.335990668;1.56655694;0.31286706
S052038;;0;1;S07;12;8;S;5;Restricted_Use;Yes;Earth_Science;Earth_s_Processes_Cycles_and_History;;0;0;0;0;0;0;0;1;0;0;0;0;2A;;Knowing;MC;4;C;1;Energy_for_water_cycle;0;1.460697792;0.780745151;0.3964799
S052043A;S052043;0;0;S03;07A;8;S;5;Restricted_Use;No;Chemistry;Properties_of_Matter;;0;0;0;1;0;0;0;0;0;0;0;0;4;C;Applying;MC;2;B;1;1:Neutralizing_wasp_venom:_water;0;1.200791479;-1.942421457;0.006622517
S052043B;S052043;0;0;S03;07B;8;S;5;Restricted_Use;No;Chemistry;Properties_of_Matter;;0;0;0;1;0;0;0;0;0;0;0;0;4;C;Applying;MC;2;A;1;2:Neutralizing_wasp_venom:_lemon_juice;0;0.61736914;-1.594629689;0.018598123
S052043C;S052043;0;0;S03;07C;8;S;5;Restricted_Use;No;Chemistry;Properties_of_Matter;;0;0;0;1;0;0;0;0;0;0;0;0;4;C;Applying;MC;2;A;1;3:Neutralizing_wasp_venom:_vinegar;0;0.270460663;-1.522291906;0.134651164
S052043D;;0;;S03;07D;8;S;5;Restricted_Use;No;Chemistry;Properties_of_Matter;;0;0;0;1;0;0;0;0;0;0;0;0;4;C;Applying;MC;2;B;1;4:Neutralizing_wasp_venom:_baking_soda;0;1.667804222;1.804450736;0.405212641
S052051;;0;1;S07;06;8;S;5;Restricted_Use;Yes;Chemistry;Properties_of_Matter;;0;0;0;0;0;1;0;0;0;0;0;0;2A;;Reasoning;CR;–;–;1;Is_element_metal_or_nonmetal;0;0.956345378;1.518438812;0.039711186
S052054;;0;1;S01;07;8;S;5;Restricted_Use;Yes;Chemistry;Properties_of_Matter;;0;0;0;1;0;0;0;0;0;0;0;0;3B;;Applying;CR;–;–;1;Why_Solution_2_is_paler_than_1;0;1.027766354;-1.130694252;0.004994537
S052063;;0;0;S06;09;8;S;5;Restricted_Use;Yes;Chemistry;Chemical_Change;;0;0;0;0;1;0;0;0;0;0;0;0;2;B;Knowing;MC;4;C;1;Chemical_process_releases_energy;0;1.405082342;1.195341044;0.487449994
S052069;;0;;S01;02;8;S;5;Restricted_Use;Yes;Biology;Cells_and_Their_Functions;;0;1;0;0;0;0;0;0;0;0;0;0;1C;;Knowing;MC;4;C;1;Organism_with_cell_walls;0;2.111871607;1.894054537;0.238101091
S052071;;0;0;S06;02;8;S;5;Restricted_Use;Yes;Biology;Characteristics_and_Life_Processes_of_Organisms;;1;0;0;0;0;0;0;0;0;0;0;0;3;A;Applying;MC;4;C;1;Birds_puff_up_feathers_in_cold_;0;1.199235724;0.505320966;0.108274662
S052076;;0;1;S05;01;8;S;5;Restricted_Use;Yes;Biology;Human_Health;;0;1;0;0;0;0;0;0;0;0;0;0;2B;;Knowing;MC;4;A;1;Best_source_of_carbohydrates;0;0.5546257;-0.592489228;0.012990451
S052085A;S052085;0;1;S05;03A;8;S;5;Restricted_Use;Yes;Biology;Diversity_Adaptation_and_Natural_Selection;;0;0;1;0;0;0;0;0;0;0;0;0;1B;;Reasoning;CR;–;–;1;Crocodile_facts:_Why_well_suited;0;1.097278368;1.301528699;0.000436814
S052085B;S052085;0;1;S05;03B;8;S;5;Restricted_Use;Yes;Biology;Diversity_Adaptation_and_Natural_Selection;;0;0;1;0;0;0;0;0;0;0;0;0;1A;;Reasoning;CR;–;–;1;Crocodile_facts:_Advantage_vision;0;0.927203644;-1.400504255;0.009456681
S052090B;;0;;S07;01B;8;S;5;Restricted_Use;Yes;Biology;Human_Health;;1;0;0;0;0;0;0;0;0;0;0;0;1A;;Applying;CR;–;–;1;Influenza:_How_is_it_spread;0;1.784230483;2.24186283;0.083656172
S052092A;S052092;0;0;S03;02A;8;S;5;Restricted_Use;No;Biology;Characteristics_and_Life_Processes_of_Organisms;;0;1;0;0;0;0;0;0;0;0;0;0;1;A;Knowing;CR;;;1;Features_of_animal_groups:_mammals;0;0.768998101;-1.732572848;0.007202229
S052092B;S052092;0;0;S03;02B;8;S;5;Restricted_Use;No;Biology;Characteristics_and_Life_Processes_of_Organisms;;0;1;0;0;0;0;0;0;0;0;0;0;1;A;Knowing;CR;;;1;Features_of_animal_groups:_amphibians;0;0.390899501;2.61738648;0.082681253
S052092C;S052092;0;0;S03;02C;8;S;5;Restricted_Use;No;Biology;Characteristics_and_Life_Processes_of_Organisms;;0;1;0;0;0;0;0;0;0;0;0;0;1;A;Knowing;CR;;;1;Features_of_animal_groups:_fish;0;0.552292987;0.316690244;0.004293879
S052092D;S052092;0;0;S03;02D;8;S;5;Restricted_Use;No;Biology;Characteristics_and_Life_Processes_of_Organisms;;0;1;0;0;0;0;0;0;0;0;0;0;1;A;Knowing;CR;;;1;Features_of_animal_groups:_birds;0;0.926446329;-1.562813743;0.007334905
S052094;;0;1;S05;04;8;S;5;Restricted_Use;Yes;Biology;Life_Cycles_Reproduction_and_Heredity;;1;0;0;0;0;0;0;0;0;0;0;0;1A;;Applying;CR;–;–;1;Similarity_between_bird_and_frog;0;0.764438636;0.772879215;0.004308614
S052095C;S052095;0;1;S01;05C;8;S;5;Restricted_Use;No;Biology;Ecosystems;;1;0;0;0;0;0;0;0;0;0;0;0;3A;;Applying;MC;2;B;1;Garden_with_bird_feeder:_cat+mouse;0;0.947926311;-2.237740936;0.015904568
S052095D;S052095;0;1;S01;05D;8;S;5;Restricted_Use;No;Biology;Ecosystems;;1;0;0;0;0;0;0;0;0;0;0;0;3A;;Applying;MC;2;A;1;Garden_with_bird_feeder:_mouse+birds;0;0.819326206;-1.915027804;0.023837439
S052096;;0;0;S06;13;8;S;5;Restricted_Use;Yes;Earth_Science;Earth_s_Resources_Their_Use_and_Conservation;;0;0;0;0;0;0;0;1;0;0;0;0;1;A;Knowing;MC;4;A;1;Non-renewable_energy_source;0;1.476692074;-1.405140794;0.031650077
S052099;;0;1;S07;13;8;S;5;Restricted_Use;Yes;Earth_Science;Earth_s_Resources_Their_Use_and_Conservation;;0;0;0;0;0;0;1;0;0;0;0;0;1C;;Applying;CR;–;–;1;Trees_protect_soil_from_erosion;0;1.294464252;0.72243301;0.177631856
S052101;;0;1;S05;12;8;S;5;Restricted_Use;Yes;Earth_Science;Earth_s_Structure_and_Physical_Features;;0;0;0;0;0;0;0;0;1;0;0;0;1A;;Reasoning;CR;–;–;1;Information_from_volcanic_eruption;0;0.44898084;2.196115288;0.063133145
S052107;;0;1;S05;14;8;S;5;Restricted_Use;Yes;Earth_Science;Earth_in_the_Solar_System_and_the_Universe;;0;0;0;0;0;0;1;0;0;0;0;0;1A;;Applying;MC;4;C;1;Constellation_below_horizon;0;1.141646001;1.016995414;0.189869208
S052110;;0;0;S06;15;8;S;5;Restricted_Use;Yes;Earth_Science;Earth_in_the_Solar_System_and_the_Universe;;0;0;0;0;0;0;1;0;0;0;0;0;2;A;Applying;CR;;;1;Weight_less_on_Moon_than_Earth;0;1.582001909;1.304560132;0.057267929
S052112A;S052112;0;1;S01;11A;8;S;5;Restricted_Use;Yes;Earth_Science;Earth_in_the_Solar_System_and_the_Universe;;0;0;0;0;0;0;1;0;0;0;0;0;2B;;Applying;MC;4;D;1;Planets:_Shortest_day_length;0;0.792466461;-0.703532276;0.157116274
S052112B;S052112;0;1;S01;11B;8;S;5;Restricted_Use;Yes;Earth_Science;Earth_in_the_Solar_System_and_the_Universe;;0;0;0;0;0;0;0;0;1;0;0;0;2B;;Reasoning;CR;–;–;1;Planets:_Distance_from_Sun_;0;1.034143262;0.519518198;0.001228303
S052113;;0;1;S05;13;8;S;5;Restricted_Use;Yes;Earth_Science;Earth_s_Processes_Cycles_and_History;;0;0;0;0;0;0;1;0;0;0;0;0;3B;;Applying;MC;4;A;1;Climate_of_city_near_Equator;0;1.129231642;-0.165365679;0.081833961
S052118;;0;1;S07;14;8;S;5;Restricted_Use;Yes;Earth_Science;Earth_in_the_Solar_System_and_the_Universe;;0;0;0;0;0;0;0;0;1;0;0;0;2B;;Reasoning;CR;–;–;1;Claim_that_moon_travels_around_Sun;0;1.958910207;1.055211098;0.083060457
S052125;;0;0;S06;06;8;S;5;Restricted_Use;Yes;Biology;Characteristics_and_Life_Processes_of_Organisms;;1;0;0;0;0;0;0;0;0;0;0;0;2;A;Applying;MC;4;D;1;Body_parts_as_organ_systems;0;1.528491064;-0.458693385;0.450462102
S052130;;0;1;S07;08;8;S;5;Restricted_Use;Yes;Physics;Physical_States_and_Changes_in_Matter;;0;0;0;0;0;0;0;0;0;0;1;0;1B;;Knowing;MC;4;D;1;Gas_inside_ping-pong_ball;0;0.671535878;1.733020883;0.170389331
S052134;;0;;S01;06;8;S;5;Restricted_Use;No;Chemistry;Composition_of_Matter;;0;0;0;0;1;0;0;0;0;0;0;0;1B;;Knowing;MC;4;B;1;Number_of_atoms_in_NaOH;0;1.664726645;2.402796887;0.297300744
S052141;;0;0;S06;12;8;S;5;Restricted_Use;Yes;Physics;Forces_and_Motion;;0;0;0;0;0;0;0;0;0;1;0;0;2;B;Applying;CR;;;1;Pressure_from_wooden_block;0;1.381443086;0.950289116;0.000891158
S052144;;0;1;S05;09;8;S;5;Restricted_Use;Yes;Physics;Physical_States_and_Changes_in_Matter;;0;0;0;0;0;0;0;0;0;0;1;0;1A;;Knowing;MC;4;D;1;Easy_to_compress_gases;0;1.518086828;0.699218569;0.229324923
S052145;;0;0;S06;07;8;S;5;Restricted_Use;Yes;Chemistry;Properties_of_Matter;;0;0;0;0;0;1;0;0;0;0;0;0;1;B;Reasoning;CR;;;1;State_of_water_mercury_iron;0;1.374455765;0.110108289;0.011071797
S052146;;0;1;S05;06;8;S;5;Restricted_Use;Yes;Physics;Motion_and_Forces;;0;0;0;0;0;0;0;0;0;1;0;0;3B;;Applying;CR;–;–;1;Density_of_corn_oil_and_aluminum;0;1.493943475;0.927891503;0.101585741
S052179;;0;0;S03;09;8;S;5;Restricted_Use;Yes;Physics;Energy_Transformation_and_Transfer;;0;0;0;0;0;0;0;0;0;1;0;0;2;C;Applying;MC;4;B;1;Temperature_of_three_containers;0;1.024337746;1.417742167;0.254237294
S052189;;0;1;S07;10;8;S;5;Restricted_Use;Yes;Chemistry;Properties_of_Matter;;0;0;0;0;0;1;0;0;0;0;0;0;3C;;Reasoning;CR;–;–;1;Paint_chip_in_test_tubes;0;1.452415485;0.809214241;0.161820744
S052192;;0;0;S06;10;8;S;5;Restricted_Use;Yes;Physics;Light_and_Sound;;0;0;0;0;0;0;0;0;0;0;0;1;1;C;Reasoning;MC;4;A;1;Mirror_behind_screen;0;1.535787421;-0.221673928;0.022146534
S052194;;0;0;S03;08;8;S;5;Restricted_Use;Yes;Physics;Physical_States_and_Changes_in_Matter;;0;0;0;0;0;0;0;0;0;0;0;1;1;A;Reasoning;MC;4;C;1;Particles_in_Samples_X_and_Y;0;0.913748215;0.202747299;0.11737486
S052206;;0;1;S01;10;8;S;5;Restricted_Use;Yes;Physics;Electricity_and_Magnetism;;0;0;0;0;0;0;0;0;0;0;1;0;2A;;Knowing;MC;4;A;1;Two_bar_magnets_repelling_;0;1.105870914;0.03686376;0.074739823
S052214;;0;1;S05;10;8;S;5;Restricted_Use;Yes;Physics;Motion_and_Forces;;0;0;0;0;0;0;0;0;0;0;0;1;3B;;Reasoning;CR;–;–;1;Recognize_liquids_from_density;0;1.625623173;0.739309821;0.224107579
S052217;;0;1;S07;11;8;S;5;Restricted_Use;Yes;Physics;Motion_and_Forces;;0;0;0;0;0;0;0;0;0;1;0;0;3C;;Applying;MC;4;B;1;Water_pressure_on_fish;0;1.093099479;2.708083481;0.408939739
S052232;;0;0;S06;11;8;S;5;Restricted_Use;Yes;Physics;Forces_and_Motion;;0;0;0;0;0;0;0;0;0;0;0;1;3;B;Reasoning;MC;4;D;1;Bell_on_Rami_s_bike;0;0.893987712;0.090430519;0.016519425
S052233;;0;0;S03;10;8;S;5;Restricted_Use;Yes;Physics;Forces_and_Motion;;0;0;0;0;0;0;0;0;0;0;0;1;1;A;Reasoning;CR;;;1;Object_X_floating_in_Liquids_ABC;0;0.759795553;2.356074315;0.004016951
S052243A;S052243;0;1;S01;09A;8;S;5;Restricted_Use;Yes;Physics;Electricity_and_Magnetism;;0;0;0;0;0;0;0;0;0;0;0;1;1B;;Reasoning;CR;–;–;1;Model_flashlight:_Bulb_won_t_light;0;0.381062899;0.539622922;0.014554274
S052243B;S052243;0;1;S01;09B;8;S;5;Restricted_Use;Yes;Physics;Electricity_and_Magnetism;;0;0;0;0;0;0;0;0;0;1;0;0;1B;;Applying;CR;–;–;1;Model_flashlight:_2_parallel_bulbs;0;0.799834478;0.228316396;0.002516369
S052243C;S052243;0;1;S01;09C;8;S;5;Restricted_Use;Yes;Physics;Electricity_and_Magnetism;;0;0;0;0;0;0;0;0;0;0;0;1;1B;;Reasoning;MC;4;C;1;Model_flashlights:_Comparison_;0;0.578560613;0.110381153;0.003618582
S052246;;0;0;S06;03;8;S;5;Restricted_Use;Yes;Biology;Diversity_Adaptation_and_Natural_Selection;;1;0;0;0;0;0;0;0;0;0;0;0;2;B;Applying;MC;4;A;1;Limbs_from_different_organisms;0;0.626462161;-1.093952581;0.03088465
S052248;;0;1;S05;05;8;S;5;Restricted_Use;Yes;Biology;Diversity_Adaptation_and_Natural_Selection;;1;0;0;0;0;0;0;0;0;0;0;0;1A;;Applying;MC;4;B;1;Cavefish_with_no_eyes;0;1.352257749;1.133689894;0.394338656
S052256;;0;0;S03;06;8;S;5;Restricted_Use;Yes;Chemistry;Properties_of_Matter;;0;0;0;1;0;0;0;0;0;0;0;0;3;B;Applying;MC;4;D;1;Cause_distilled_water_taste;0;1.718224629;0.827523545;0.239026253
S052261;;0;0;S03;01;8;S;5;Restricted_Use;Yes;Biology;Characteristics_and_Life_Processes_of_Organisms;;0;1;0;0;0;0;0;0;0;0;0;0;3;A;Knowing;MC;4;B;1;Why_people_shiver_when_cold;0;0.66670337;-0.71824779;0.091882718
S052262;;0;1;S07;02;8;S;5;Restricted_Use;Yes;Biology;Characteristics_and_Life_Processes_of_Organisms;;1;0;0;0;0;0;0;0;0;0;0;0;2C;;Applying;MC;4;A;1;Biceps_and_triceps_;0;0.755302904;0.734005362;0.260369616
S052263A;S052263;0;0;S03;03A;8;S;5;Restricted_Use;Yes;Biology;Cells_and_Their_Functions;;0;0;1;0;0;0;0;0;0;0;0;0;2;B;Reasoning;CR;;;1;Cellular_respiration:_tubes_1_&_2;0;1.428454851;1.376540112;0.001655568
S052263B;S052263;0;0;S03;03B;8;S;5;Restricted_Use;Yes;Biology;Cells_and_Their_Functions;;0;0;1;0;0;0;0;0;0;0;0;0;2;B;Reasoning;CR;;;1;Cellular_respiration:_tube_4;0;2.013439119;1.035504535;0.043623471
S052265;;0;0;S03;04;8;S;5;Restricted_Use;Yes;Biology;Life_Cycles_Reproduction_and_Heredity;;1;0;0;0;0;0;0;0;0;0;0;0;2;B;Applying;CR;;;1;Manx_cats_bred_together;0;1.134831947;1.741996413;0.00050306
S052267;;0;1;S07;03;8;S;5;Restricted_Use;Yes;Biology;Life_Cycles_Reproduction_and_Heredity;;0;1;0;0;0;0;0;0;0;0;0;0;2C;;Knowing;MC;4;C;1;Acquired_characteristics;0;1.136017892;2.226976404;0.225741082
S052272;;0;1;S05;02;8;S;5;Restricted_Use;Yes;Biology;Ecosystems;;0;0;1;0;0;0;0;0;0;0;0;0;4B;;Reasoning;CR;–;–;1;Trout_and_frog_populations;0;1.081623413;-1.021932252;0.002160963
S052276;;0;0;S06;04;8;S;5;Restricted_Use;Yes;Biology;Human_Health;;0;1;0;0;0;0;0;0;0;0;0;0;2;B;Knowing;MC;4;D;1;Good_source_of_calcium;0;0.797806002;-1.571021675;0.007219851
S052280;;0;0;S03;05;8;S;5;Restricted_Use;Yes;Chemistry;Properties_of_Matter;;0;0;0;0;1;0;0;0;0;0;0;0;2;B;Knowing;MC;4;A;1;Property_of_nonmetals;0;0.782037789;-0.044818489;0.119192025
S052282;;0;1;S05;07;8;S;5;Restricted_Use;Yes;Chemistry;Properties_of_Matter;;0;0;0;0;1;0;0;0;0;0;0;0;4B;;Knowing;MC;4;C;1;Property_of_acid_and_base;0;0.724267377;0.970627937;0.157860456
S052289A;S052289;0;0;S03;12A;8;S;5;Restricted_Use;Yes;Earth_Science;Earth_s_Structure_and_Physical_Features;;0;0;0;0;0;0;1;0;0;0;0;0;1;D;Applying;MC;4;C;1;Artesian_water:__Moving_up_pipe;0;1.250002192;-2.065242229;0.187215662
S052289B;S052289;0;0;S03;12B;8;S;5;Restricted_Use;Yes;Earth_Science;Earth_s_Structure_and_Physical_Features;;0;0;0;0;0;0;1;0;0;0;0;0;1;D;Applying;MC;4;A;1;Artesian_water:_Difference_in_flow;0;0.720529566;0.137009551;0.067914765
S052289C;S052289;0;0;S03;12C;8;S;5;Restricted_Use;Yes;Earth_Science;Earth_s_Structure_and_Physical_Features;;0;0;0;0;0;0;1;0;0;0;0;0;1;D;Applying;CR;;;1;Artesian_water:_Temperature;0;0.834167747;0.963682147;0.002956198
S052294;;0;1;S01;12;8;S;5;Restricted_Use;Yes;Earth_Science;Earth_s_Structure_and_Physical_Features;;0;0;0;0;0;0;0;1;0;0;0;0;2B;;Knowing;MC;4;A;1;Temperature_outside_an_airplane;0;0.964196556;-1.232530724;0.039191862
S052299;;0;1;S05;08;8;S;5;Restricted_Use;Yes;Chemistry;Chemical_Change;;0;0;0;0;1;0;0;0;0;0;0;0;1C;;Knowing;MC;4;B;1;Process_that_makes_statue_dark;0;1.295205418;-1.475198391;0.010072225
S052303A;S052303;0;0;S06;05A;8;S;5;Restricted_Use;Yes;Biology;Ecosystems;;1;0;0;0;0;0;0;0;0;0;0;0;3;B;Applying;MC;4;B;1;Pond:_Fish_eat_mosquito_larvae;0;0.259436613;-2.298953071;0.036768348
S052303B;S052303;0;0;S06;05B;8;S;5;Restricted_Use;Yes;Biology;Ecosystems;;0;0;1;0;0;0;0;0;0;0;0;0;4;B;Reasoning;CR;;;1;Pond:_Adding_more_fish_;0;0.78533949;0.662347476;0.002687397
S062004;;0;1;S06;11;8;S;6;Restricted_Use;Yes;Chemistry;Composition_of_Matter;;0;0;0;0;1;0;0;0;0;0;0;0;1B;;Knowing;MC;4;B;1;Block_pounded_into_flat_sheet;0;2.123295886;1.084179625;0.214813403
S062005;;0;1;S06;09;8;S;6;Restricted_Use;Yes;Physics;Physical_States_and_Changes_in_Matter;;0;0;0;0;0;0;0;0;0;1;0;0;1A;;Applying;CR;–;–;1;Syringes_with_solid_and_air;0;1.738515225;0.843692096;0.046462814
S062007;;0;1;S03;02;8;S;6;Restricted_Use;Yes;Chemistry;Composition_of_Matter;;0;0;0;1;0;0;0;0;0;0;0;0;1B;;Applying;MC;4;D;1;Models_of_carbon_dioxide;0;0.988315309;0.19109629;0.003118099
S062010A;S062010;0;1;S02;05A;8;S;6;Restricted_Use;No;Chemistry;Properties_of_Matter;;0;0;0;0;1;0;0;0;0;0;0;0;1;A;Knowing;MC;2;B;1;Physical_or_chemical_property:_reactivity;0;0.856188811;0.719819397;0.283994226
S062010B;S062010;0;1;S02;05B;8;S;6;Restricted_Use;No;Chemistry;Properties_of_Matter;;0;0;0;0;1;0;0;0;0;0;0;0;1;A;Knowing;MC;2;A;1;Physical_or_chemical_property:_boiling_pt;0;0.71952755;0.093399316;0.120455195
S062010C;S062010;0;1;S02;05C;8;S;6;Restricted_Use;No;Chemistry;Properties_of_Matter;;0;0;0;0;1;0;0;0;0;0;0;0;1;A;Knowing;MC;2;B;1;Physical_or_chemical_property:_acidity;0;0.927789198;-1.606701494;0.131700916
S062018A;;0;;S09;08A;8;S;6;Secured;No;Chemistry;Composition_of_Matter;;0;0;0;0;1;0;0;0;0;0;0;0;2A;;Knowing;MC;3;B;1;Element_compound_mixture:_sugar;0;2.174641451;1.839383683;0.364386894
S062018B;S062018;0;1;S09;08B;8;S;6;Secured;No;Chemistry;Composition_of_Matter;;0;0;0;0;1;0;0;0;0;0;0;0;2A;;Knowing;MC;3;A;1;Element_compound_mixture:_iron;0;2.183757792;0.857307999;0.461313353
S062018C;;0;;S09;08C;8;S;6;Secured;No;Chemistry;Composition_of_Matter;;0;0;0;0;1;0;0;0;0;0;0;0;2A;;Knowing;MC;3;C;1;Element_compound_mixture:_air;0;2.025763736;1.974563928;0.211739831
S062018D;;0;;S09;08D;8;S;6;Secured;No;Chemistry;Composition_of_Matter;;0;0;0;0;1;0;0;0;0;0;0;0;2A;;Knowing;MC;3;B;1;Element_compound_mixture:_sodium_bicarb;0;1.843487029;2.169801;0.400790957
S062018E;S062018;0;1;S09;08E;8;S;6;Secured;No;Chemistry;Composition_of_Matter;;0;0;0;0;1;0;0;0;0;0;0;0;2A;;Knowing;MC;3;A;1;Element_compound_mixture:_cobalt;0;1.61934563;1.6891479;0.264878112
S062022C;S062022;0;1;S013;14C;8;S;6;Secured;No;Earth_Science;Earth_s_Structure_and_Physical_Features;;0;0;0;0;0;0;0;1;0;0;0;0;1B;;Knowing;MC;2;A;1;Fresh_water_or_salt_water:_river;0;0.929116687;-2.538916937;0.012743606
S062022D;;0;;S013;14D;8;S;6;Secured;No;Earth_Science;Earth_s_Structure_and_Physical_Features;;0;0;0;0;0;0;0;1;0;0;0;0;1B;;Knowing;MC;2;B;1;Fresh_water_or_salt_water:_ocean;0;1.848281765;-2.164172192;0.025309198
S062024A;S062024;0;1;S09;14A;8;S;6;Secured;Yes;Earth_Science;Earth_s_Processes_Cycles_and_History;;0;0;0;0;0;0;0;1;0;0;0;0;1B;;Knowing;MC;4;A;1;Forming_layered_rock;0;1.065741328;0.487521855;0.184781625
S062024B;S062024;0;1;S09;14B;8;S;6;Secured;Yes;Earth_Science;Earth_s_Processes_Cycles_and_History;;0;0;0;0;0;0;1;0;0;0;0;0;1B;;Applying;CR;–;–;1;Shaping_rock_formations;0;1.225464018;2.045429802;0.066401809
S062032;;0;;S06;05;8;S;6;Restricted_Use;Yes;Physics;Physical_States_and_Changes_in_Matter;;0;0;0;0;0;0;0;0;0;0;0;1;3B;;Reasoning;MC;4;C;1;Hot_metal_ball_on_balance;0;1.369590762;2.920580446;0.265235544
S062033;;0;1;S011;13;8;S;6;Secured;Yes;Physics;Physical_States_and_Changes_in_Matter;;0;0;0;0;0;0;0;0;0;0;0;1;1A;;Reasoning;CR;–;–;1;Pressure_applied_to_pistons;0;1.550569368;1.282129906;0.059788704
S062035;;0;1;S03;08;8;S;6;Restricted_Use;Yes;Physics;Energy_Transformation_and_Transfer;;0;0;0;0;0;0;0;0;0;0;1;0;2A;;Knowing;MC;4;C;1;Heating_water_on_a_stove;0;0.554017341;2.273206534;0.054039804
S062037;;0;1;S011;14;8;S;6;Secured;Yes;Physics;Energy_Transformation_and_Transfer;;0;0;0;0;0;0;0;0;0;1;0;0;1B;;Applying;MC;4;A;1;Toy_car_powered_by_battery;0;0.703464286;0.355888468;0.184085188
S062042A;S062042;0;1;S013;08A;8;S;6;Secured;No;Physics;Electricity_and_Magnetism;;0;0;0;0;0;0;0;0;0;1;0;0;1A;;Applying;MC;2;A;1;Parts_of_incandescent_light_bulb_-_filament;0;1.395549157;-2.067977131;0.069544484
S062042B;S062042;0;1;S013;08B;8;S;6;Secured;No;Physics;Electricity_and_Magnetism;;0;0;0;0;0;0;0;0;0;1;0;0;1A;;Applying;MC;2;B;1;Parts_of_incandescent_light_bulb_-_bulb;0;1.64197534;-1.380444589;0.375512249
S062042C;S062042;0;1;S013;08C;8;S;6;Secured;No;Physics;Electricity_and_Magnetism;;0;0;0;0;0;0;0;0;0;1;0;0;1A;;Applying;MC;2;B;1;Parts_of_incandescent_light_bulb_-_mount;0;0.596142924;0.584465796;0.338208747
S062042D;S062042;0;1;S013;08D;8;S;6;Secured;No;Physics;Electricity_and_Magnetism;;0;0;0;0;0;0;0;0;0;1;0;0;1A;;Applying;MC;2;A;1;Parts_of_incandescent_light_bulb_-_base;0;0.683615468;-0.441686865;0.406753945
S062043;;0;;S06;06;8;S;6;Restricted_Use;Yes;Physics;Electricity_and_Magnetism;;0;0;0;0;0;0;0;0;0;0;1;0;2B;;Knowing;CR;–;–;1;Electromagnet_and_paper_clips;0;2.008740048;1.99129798;0.061239198
S062044;;0;1;S02;08;8;S;6;Restricted_Use;Yes;Physics;Energy_Transformation_and_Transfer;;0;0;0;0;0;0;0;0;0;0;0;1;2;A;Reasoning;MC;4;D;1;Metal_rods_in_basin_of_water;0;0.572137348;2.012244589;0.005204537
S062046;;0;1;S02;09;8;S;6;Restricted_Use;Yes;Physics;Electricity_and_Magnetism;;0;0;0;0;0;0;0;0;0;0;0;1;2;A;Reasoning;CR;;;1;Two_magnets_pick_up_paper_clips;0;0.998264506;-0.54152718;0.00255833
S062050;;0;1;S09;11;8;S;6;Secured;Yes;Chemistry;Properties_of_Matter;;0;0;0;0;0;1;0;0;0;0;0;0;4A;;Reasoning;CR;–;–;1;Cabbage_juice_pH_indicators;0;1.047777949;1.696577746;0.000580642
S062051;;0;1;S02;07;8;S;6;Restricted_Use;Yes;Chemistry;Properties_of_Matter;;0;0;0;1;0;0;0;0;0;0;0;0;4;A;Applying;CR;;;1;Color_of_solution_with_pH_indicator;0;0.803681579;0.689165078;0.00271685
S062056;;0;1;S013;11;8;S;6;Secured;Yes;Chemistry;Chemical_Change;;0;0;0;0;0;1;0;0;0;0;0;0;1B;;Reasoning;CR;–;–;1;Mary_has_a_light_stick;0;1.242124922;0.804342792;0.000603156
S062064;;0;1;S09;04;8;S;6;Secured;Yes;Biology;Characteristics_and_Life_Processes_of_Organisms;;0;0;1;0;0;0;0;0;0;0;0;0;2B;;Reasoning;CR;–;–;1;Bones_of_a_bird_are_hollow;0;1.030840182;-1.259588185;0.384221607
S062067;;0;1;S011;07;8;S;6;Secured;Yes;Chemistry;Properties_of_Matter;;0;0;0;0;0;1;0;0;0;0;0;0;3C;;Reasoning;CR;–;–;1;Rate_of_sugar_dissolving_;0;0.654522108;0.599548992;0.00185004
S062075;;0;1;S06;10;8;S;6;Restricted_Use;Yes;Chemistry;Chemical_Change;;0;0;0;0;0;1;0;0;0;0;0;0;2A;;Reasoning;MC;4;D;1;Hugo_s_chemical_reaction;0;1.145919574;1.641167852;0.445535584
S062089;;0;1;S011;05;8;S;6;Secured;Yes;Biology;Ecosystems;;0;1;0;0;0;0;0;0;0;0;0;0;3C;;Knowing;MC;4;D;1;Symbiosis_between_two_organisms;0;1.642052799;1.543966831;0.089224163
S062091A;S062091;0;1;S013;01A;8;S;6;Secured;Yes;Biology;Ecosystems;;1;0;0;0;0;0;0;0;0;0;0;0;1A;;Applying;MC;4;B;1;Producers_in_food_web;0;0.966950344;-1.027832032;0.131745143
S062091B;S062091;0;1;S013;01B;8;S;6;Secured;Yes;Biology;Ecosystems;;1;0;0;0;0;0;0;0;0;0;0;0;1A;;Applying;MC;4;C;1;Eat_only_plants_in_food_web;0;1.137155159;-0.69921736;0.432335939
S062094;;0;1;S02;02;8;S;6;Restricted_Use;Yes;Biology;Characteristics_and_Life_Processes_of_Organisms;;0;1;0;0;0;0;0;0;0;0;0;0;1;B;Knowing;MC;4;B;1;Classify_animal_with_these_features;0;0.885289051;-0.371854679;0.156516941
S062097;;0;1;S013;03;8;S;6;Secured;Yes;Biology;Characteristics_and_Life_Processes_of_Organisms;;0;0;1;0;0;0;0;0;0;0;0;0;3A;;Reasoning;MC;4;A;1;Kate_s_heart_and_breathing_rates;0;0.719380622;-0.154778965;0.130379767
S062099;;0;1;S09;01;8;S;6;Secured;Yes;Biology;Cells_and_Their_Functions;;0;1;0;0;0;0;0;0;0;0;0;0;1A;;Knowing;MC;4;B;1;Cell_development_in_young_animals;0;0.941449472;0.408523142;0.29685217
S062100;;0;1;S013;02;8;S;6;Secured;Yes;Biology;Cells_and_Their_Functions;;1;0;0;0;0;0;0;0;0;0;0;0;1C;;Applying;CR;–;–;1;Cell_structure_of_fossils;0;1.053978027;1.030188834;0.001922138
S062101A;S062101;0;1;S013;04A;8;S;6;Secured;No;Biology;Cells_and_Their_Functions;;0;1;0;0;0;0;0;0;0;0;0;0;1D;;Knowing;MC;4;D;1;Stomach_tissue_and_function:_connective;0;0.96096275;-1.099001591;0.338901907
S062101B;S062101;0;1;S013;04B;8;S;6;Secured;No;Biology;Cells_and_Their_Functions;;0;1;0;0;0;0;0;0;0;0;0;0;1D;;Knowing;MC;4;B;1;Stomach_tissue_and_function:_smooth_muscle;0;2.280214927;1.28639299;0.342705224
S062101C;S062101;0;1;S013;04C;8;S;6;Secured;No;Biology;Cells_and_Their_Functions;;0;1;0;0;0;0;0;0;0;0;0;0;1D;;Knowing;MC;4;C;1;Stomach_tissue_and_function:_nervous;0;1.436186811;0.112816005;0.329044822
S062101D;S062101;0;1;S013;04D;8;S;6;Secured;No;Biology;Cells_and_Their_Functions;;0;1;0;0;0;0;0;0;0;0;0;0;1D;;Knowing;MC;4;A;1;Stomach_tissue_and_function:_blood;0;1.29658152;0.904783223;0.146928129
S062103A;;0;1;S02;04A;8;S;6;Restricted_Use;Yes;Biology;Cells_and_Their_Functions;;0;0;1;0;0;0;0;0;0;0;0;0;2;A;Reasoning;MC;4;C;1;Photosynthesis_and_sunlight;0;1.466938954;0.909163697;0.35150274
S062106;;0;1;S09;03;8;S;6;Secured;Yes;Biology;Life_Cycles_Reproduction_and_Heredity;;0;1;0;0;0;0;0;0;0;0;0;0;2A;;Knowing;MC;4;D;1;Characteristics_of_young_rabbits_;0;0.653300276;-2.120893582;0.023129465
S062112;;0;1;S011;02;8;S;6;Secured;Yes;Biology;Human_Health;;1;0;0;0;0;0;0;0;0;0;0;0;1B;;Applying;CR;–;–;1;Tony_gets_the_measles;0;0.525204121;-1.465835391;0.0638361
S062116A;S062116;0;1;S03;06A;8;S;6;Restricted_Use;Yes;Biology;Ecosystems;;0;0;1;0;0;0;0;0;0;0;0;0;4A;;Reasoning;CR;–;–;1;Population_change_years_2-3;0;1.28349316;0.317686397;0.059658096
S062116B;S062116;0;1;S03;06B;8;S;6;Restricted_Use;Yes;Biology;Ecosystems;;0;0;1;0;0;0;0;0;0;0;0;0;4B;;Reasoning;CR;–;–;1;Population_change_years_4-6;0;1.38943356;0.82906912;0.00037993
S062116C;S062116;0;1;S03;06C;8;S;6;Restricted_Use;Yes;Biology;Ecosystems;;0;0;1;0;0;0;0;0;0;0;0;0;4A;;Reasoning;CR;–;–;1;Species_of_fish_best_survive;0;1.140076578;1.683290295;0.000204237
S062118;;0;1;S02;03;8;S;6;Restricted_Use;Yes;Biology;Diversity_Adaptation_and_Natural_Selection;;1;0;0;0;0;0;0;0;0;0;0;0;1;B;Applying;CR;;;1;Mice_living_on_beach_advantage;0;0.806271891;-0.570887527;0.201725187
S062119;;0;1;S011;03;8;S;6;Secured;Yes;Biology;Diversity_Adaptation_and_Natural_Selection;;0;0;1;0;0;0;0;0;0;0;0;0;2A;;Reasoning;MC;4;C;1;Fossils_in_rock_layers;0;1.151877852;-0.881607185;0.13352424
S062128;;0;1;S013;06;8;S;6;Secured;Yes;Physics;Motion_and_Forces;;0;0;0;0;0;0;0;0;0;1;0;0;3B;;Applying;CR;–;–;1;Densities_of_three_liquids;0;1.104785113;0.112769744;0.160726293
S062132;;0;1;S09;05;8;S;6;Secured;Yes;Physics;Energy_Transformation_and_Transfer;;0;0;0;0;0;0;0;0;0;1;0;0;2B;;Applying;MC;4;C;1;Water_and_tea_graphs;0;0.585435552;-0.929225955;0.026792886
S062143;;0;;S09;09;8;S;6;Secured;Yes;Physics;Physical_States_and_Changes_in_Matter;;0;0;0;0;0;0;0;0;0;1;0;0;2B;;Applying;CR;–;–;1;Heating_water_in_test_tube;0;1.602984372;2.283049488;0.020335849
S062144;;0;1;S03;09;8;S;6;Restricted_Use;Yes;Physics;Energy_Transformation_and_Transfer;;0;0;0;0;0;0;0;0;0;1;0;0;1B;;Applying;MC;4;D;1;Energy_change_in_sliding;0;1.031091038;0.304404417;0.497763749
S062149;;0;1;S02;10;8;S;6;Restricted_Use;Yes;Physics;Light_and_Sound;;0;0;0;0;0;0;0;0;0;0;1;0;1;C;Knowing;CR;;;1;Mirrors_around_a_corner;0;0.4627192;2.129493697;0.003717994
S062153;;0;1;S09;07;8;S;6;Secured;Yes;Physics;Light_and_Sound;;0;0;0;0;0;0;0;0;0;0;0;1;1A;;Reasoning;MC;4;C;1;Flashlight_on_blue_ball;0;1.925618567;1.000724885;0.314895182
S062158;;0;1;S06;07;8;S;6;Restricted_Use;Yes;Physics;Light_and_Sound;;0;0;0;0;0;0;0;0;0;1;0;0;2A;;Applying;MC;4;B;1;Graphs_of_musical_notes;0;1.465573638;1.366444713;0.439873219
S062159;;0;1;S06;08;8;S;6;Restricted_Use;Yes;Physics;Motion_and_Forces;;0;0;0;0;0;0;0;0;0;1;0;0;3D;;Applying;MC;4;D;1;Box_pulled_by_three_forces;0;1.269052899;0.145462943;0.248564856
S062162;;0;1;S03;10;8;S;6;Restricted_Use;Yes;Physics;Motion_and_Forces;;0;0;0;0;0;0;0;0;0;1;0;0;3A;;Applying;CR;–;–;1;Moving_box_onto_truck;0;1.370933324;0.838864271;0.059762141
S062163;;0;1;S09;06;8;S;6;Secured;Yes;Physics;Motion_and_Forces;;0;0;0;0;0;0;0;0;0;0;0;1;3C;;Reasoning;CR;–;–;1;Truck_sank_into_the_mud;0;1.553134492;1.84882324;0.011463911
S062171;;0;1;S03;13;8;S;6;Restricted_Use;Yes;Earth_Science;Earth_s_Processes_Cycles_and_History;;0;0;0;0;0;0;0;1;0;0;0;0;2B;;Knowing;MC;4;C;1;Mountain_range_at_edge_of_ocean;0;0.293220572;-0.667997209;0.020093401
S062173B;;0;1;S06;13B;8;S;6;Restricted_Use;Yes;Earth_Science;Earth_s_Processes_Cycles_and_History;;0;0;0;0;0;0;0;0;1;0;0;0;3C;;Reasoning;MC;4;A;1;Climate_and_geography;0;1.332928582;0.701538194;0.196461876
S062175;;0;1;S06;12;8;S;6;Restricted_Use;Yes;Earth_Science;Earth_s_Resources_Their_Use_and_Conservation;;0;0;0;0;0;0;0;0;1;0;0;0;1B;;Reasoning;CR;–;–;1;Power_plant_geographic_factor;0;0.703530818;0.520768791;0.308257751
S062177;;0;1;S011;09;8;S;6;Secured;Yes;Earth_Science;Earth_s_Processes_Cycles_and_History;;0;0;0;0;0;0;0;1;0;0;0;0;1C;;Knowing;MC;4;D;1;Formation_of_oil;0;0.947123603;0.026447501;0.028950416
S062180;;0;1;S013;13;8;S;6;Secured;Yes;Earth_Science;Earth_s_Processes_Cycles_and_History;;0;0;0;0;0;0;1;0;0;0;0;0;3D;;Applying;MC;4;A;1;Melting_permafrost;0;1.58310434;0.337528449;0.267145023
S062186;;0;;S011;10;8;S;6;Secured;Yes;Earth_Science;Earth_s_Structure_and_Physical_Features;;0;0;0;0;0;0;0;1;0;0;0;0;2A;;Knowing;MC;4;B;1;Greenhouse_on_Mars;0;2.028112935;1.772969759;0.23177434
S062189A;S062189;0;1;S02;01A;8;S;6;Restricted_Use;No;Earth_Science;Earth_s_Resources_Their_Use_and_Conservation;;0;0;0;0;0;0;0;1;0;0;0;0;1;C;Knowing;MC;2;A;1;Benefits_of_recycling_paper:_deforestation;0;0.668603967;-2.163207436;0.406770091
S062189B;S062189;0;1;S02;01B;8;S;6;Restricted_Use;No;Earth_Science;Earth_s_Resources_Their_Use_and_Conservation;;0;0;0;0;0;0;0;1;0;0;0;0;1;C;Knowing;MC;2;B;1;Benefits_of_recycling_paper:_oxygen;0;1.197031201;-2.26593403;0.023804245
S062190;;0;1;S09;13;8;S;6;Secured;Yes;Earth_Science;Earth_s_Resources_Their_Use_and_Conservation;;0;0;0;0;0;0;0;1;0;0;0;0;1B;;Knowing;MC;4;D;1;Disadvantage_of_solar_energy;0;0.931760948;-0.635733533;0.009118202
S062205;;0;1;S09;12;8;S;6;Secured;Yes;Earth_Science;Earth_s_Structure_and_Physical_Features;;0;0;0;0;0;0;0;1;0;0;0;0;2A;;Knowing;MC;4;A;1;Gases_in_Earth_s_atmosphere;0;0.850180075;0.784791524;0.028828884
S062211A;;0;1;S011;11A;8;S;6;Secured;Yes;Earth_Science;Earth_s_Processes_Cycles_and_History;;0;0;0;0;0;0;1;0;0;0;0;0;3B;;Applying;CR;–;–;1;Warmest_and_driest_time_of_year;0;1.031574143;0.764828573;0.078554431
S062211B;;0;;S011;11B;8;S;6;Secured;Yes;Earth_Science;Earth_s_Processes_Cycles_and_History;;0;0;0;0;0;0;0;0;1;0;0;0;3A;;Reasoning;CR;–;–;1;Climate_data_are_wrong;0;1.366458762;2.927274582;0.000106572
S062225;;0;1;S03;04;8;S;6;Restricted_Use;Yes;Biology;Diversity_Adaptation_and_Natural_Selection;;1;0;0;0;0;0;0;0;0;0;0;0;2B;;Applying;MC;4;A;1;Bone_structure_of_forelimbs;0;0.601169822;2.100214296;0.372615959
S062233;;0;1;S03;11;8;S;6;Restricted_Use;Yes;Earth_Science;Earth_s_Structure_and_Physical_Features;;0;0;0;0;0;0;0;1;0;0;0;0;1B;;Knowing;MC;4;B;1;Water_source_for_desalinization;0;1.296250957;0.864705261;0.289413658
S062235;;0;1;S013;12;8;S;6;Secured;Yes;Earth_Science;Earth_s_Resources_Their_Use_and_Conservation;;0;0;0;0;0;0;0;1;0;0;0;0;2A;;Knowing;MC;4;A;1;Negative_effects_of_fertilizer;0;1.995027917;1.015039135;0.279511186
S062243A;S062243;0;1;S013;15A;8;S;6;Secured;No;Earth_Science;Earth_s_Processes_Cycles_and_History;;0;0;0;0;0;0;0;0;1;0;0;0;3B;;Reasoning;MC;4;C;1;Animals_and_habitat:_deer;0;1.302571168;-0.330159342;0.014712017
S062243B;S062243;0;1;S013;15B;8;S;6;Secured;No;Earth_Science;Earth_s_Processes_Cycles_and_History;;0;0;0;0;0;0;0;0;1;0;0;0;3B;;Reasoning;MC;4;D;1;Animals_and_habitat:_monkey;0;1.584804786;-0.656077142;0.455212547
S062243C;S062243;0;1;S013;15C;8;S;6;Secured;No;Earth_Science;Earth_s_Processes_Cycles_and_History;;0;0;0;0;0;0;0;0;1;0;0;0;3B;;Reasoning;MC;4;A;1;Animals_and_habitat:_camel;0;1.905945812;-0.249842574;0.296212396
S062243D;S062243;0;1;S013;15D;8;S;6;Secured;No;Earth_Science;Earth_s_Processes_Cycles_and_History;;0;0;0;0;0;0;0;0;1;0;0;0;3B;;Reasoning;MC;4;B;1;Animals_and_habitat:_polar_bear;0;1.674300997;-0.107479248;0.006384126
S062246;;0;1;S013;10;8;S;6;Secured;Yes;Chemistry;Composition_of_Matter;;0;0;0;0;1;0;0;0;0;0;0;0;1A;;Knowing;MC;4;C;1;True_of_all_neutral_atoms;0;1.163578433;1.875686538;0.299170699
S062247;;0;;S011;08;8;S;6;Secured;Yes;Chemistry;Properties_of_Matter;;0;0;0;0;1;0;0;0;0;0;0;0;4A;;Knowing;MC;4;B;1;Properties_of_baking_soda;0;1.834840513;2.180025987;0.364035358
S062253;;0;1;S02;06;8;S;6;Restricted_Use;Yes;Chemistry;Chemical_Change;;0;0;0;0;1;0;0;0;0;0;0;0;3;A;Knowing;MC;4;D;1;Chemical_reaction_definition;0;0.880792398;0.396653494;0.002961271
S062262;;0;1;S03;07;8;S;6;Restricted_Use;Yes;Physics;Light_and_Sound;;0;0;0;0;0;0;0;0;0;0;1;0;2B;;Knowing;MC;4;A;1;Sound_used_by_animals;0;1.779574113;1.329037152;0.11859546
S062268;;0;1;S02;11;8;S;6;Restricted_Use;Yes;Physics;Forces_and_Motion;;0;0;0;0;0;0;0;0;0;1;0;0;3;A;Applying;MC;4;A;1;Toy_car_s_distance_over_time;0;1.985608078;-0.369878699;0.483389399
S062271;;0;1;S02;14;8;S;6;Restricted_Use;Yes;Earth_Science;Earth_in_the_Solar_System_and_the_Universe;;0;0;0;0;0;0;1;0;0;0;0;0;1;B;Applying;MC;4;C;1;Solar_system_changing_seasons;0;0.889930358;0.941875297;0.44613659
S062275;;0;1;S03;03;8;S;6;Restricted_Use;Yes;Chemistry;Properties_of_Matter;;0;0;0;1;0;0;0;0;0;0;0;0;3A;;Applying;CR;–;–;1;Separate_oil_and_water;0;1.087714453;0.870859433;0.000628343
S062276;;0;1;S09;10;8;S;6;Secured;Yes;Chemistry;Chemical_Change;;0;0;0;1;0;0;0;0;0;0;0;0;1B;;Applying;CR;–;–;1;Iron_object_changes_color;0;0.830419246;2.446522781;0.017526919
S062279;;0;1;S011;01;8;S;6;Secured;Yes;Biology;Human_Health;;0;1;0;0;0;0;0;0;0;0;0;0;2B;;Knowing;MC;4;A;1;Healthy_and_balanced_meal;0;0.951719845;-0.597203054;0.248736626
S062284;;0;1;S06;03;8;S;6;Restricted_Use;Yes;Biology;Life_Cycles_Reproduction_and_Heredity;;1;0;0;0;0;0;0;0;0;0;0;0;2A;;Applying;MC;4;B;1;Hair_color_of_young_rabbits;0;0.709060878;0.079210026;0.465466906
S072000A;;0;;S012;03A;8;S;7;Secured;No;Biology;Characteristics_and_Life_Processes_of_Organisms;;1;0;0;0;0;0;0;0;0;0;0;0;1A;;Applying;MC;6;E;1;Characteristics_of_organisms_-_seeds_photosynthesis;0;2.079149365;-1.867206283;0.301793999
S072000B;S072000;0;1;S012;03B;8;S;7;Secured;No;Biology;Characteristics_and_Life_Processes_of_Organisms;;1;0;0;0;0;0;0;0;0;0;0;0;1A;;Applying;MC;6;C;1;Characteristics_of_organisms_-_cold-blooded_exoskeleton;0;1.32452043;-0.074724603;0.229187605
S072000C;S072000;0;1;S012;03C;8;S;7;Secured;No;Biology;Characteristics_and_Life_Processes_of_Organisms;;1;0;0;0;0;0;0;0;0;0;0;0;1A;;Applying;MC;6;B;1;Characteristics_of_organisms_-_spores_decomp_org_for_energy;0;1.457188307;-0.737375484;0.292144102
S072000D;S072000;0;1;S012;03D;8;S;7;Secured;No;Biology;Characteristics_and_Life_Processes_of_Organisms;;1;0;0;0;0;0;0;0;0;0;0;0;1A;;Applying;MC;6;F;1;Characteristics_of_organisms_-_cold-blooded_scales;0;1.413488962;-1.853441597;0.007442302
S072000E;S072000;0;1;S012;03E;8;S;7;Secured;No;Biology;Characteristics_and_Life_Processes_of_Organisms;;1;0;0;0;0;0;0;0;0;0;0;0;1A;;Applying;MC;6;D;1;Characteristics_of_organisms_-_breathe_air_bear_live_young;0;1.379907309;-1.299859886;0.02319702
S072002;;0;1;S04;01;8;S;7;Secured;Yes;Biology;Characteristics_and_Life_Processes_of_Organisms;;1;0;0;0;0;0;0;0;0;0;0;0;1A;;Applying;MC;4;D;1;Unusual_characteristics_of_echidna;0;1.704971231;-0.675004237;0.159618362
S072011;;0;1;S014;01;8;S;7;Secured;Yes;Biology;Characteristics_and_Life_Processes_of_Organisms;;0;0;1;0;0;0;0;0;0;0;0;0;2B;;Reasoning;MC;4;A;1;Compare_fish_and_human_fields_of_vision;0;0.886781954;-1.125258038;0.034002879
S072016A;;0;;S014;04A;8;S;7;Secured;No;Biology;Characteristics_and_Life_Processes_of_Organisms;;1;0;0;0;0;0;0;0;0;0;0;0;2C;;Applying;CR;–;–;1;Gases_in_inhaled_and_exhaled_air_-_oxygen;0;2.162805483;1.643162301;0.027522709
S072016B;;0;1;S014;04B;8;S;7;Secured;No;Biology;Characteristics_and_Life_Processes_of_Organisms;;1;0;0;0;0;0;0;0;0;0;0;0;2C;;Applying;CR;–;–;1;Gases_in_inhaled_and_exhaled_air_-_nitrogen;0;1.47477055;0.503798842;0.006546976
S072021;;0;1;S04;03;8;S;7;Secured;Yes;Biology;Cells_and_Their_Functions;;0;1;0;0;0;0;0;0;0;0;0;0;1A;;Knowing;MC;4;B;1;Origin_of_new_cells_as_organisms_grow;0;2.044993431;-0.001658637;0.341258873
S072024;;0;1;S08;03;8;S;7;Secured;Yes;Biology;Cells_and_Their_Functions;;0;1;0;0;0;0;0;0;0;0;0;0;1B;;Knowing;MC;4;D;1;Removal_of_chloroplasts_from_a_plant_cell;0;1.390882005;0.672855277;0.359852853
S072029;;0;1;S02;02;8;S;7;Restricted_Use;Yes;Biology;Cells_and_Their_Functions;;0;1;0;0;0;0;0;0;0;0;0;0;1B;;Knowing;MC;4;B;1;Where_in_a_cell_DNA_replication_occurs;0;1.056661286;0.963283501;0.394925238
S072031;;0;1;S010;04;8;S;7;Secured;Yes;Biology;Cells_and_Their_Functions;;0;0;1;0;0;0;0;0;0;0;0;0;2A;;Reasoning;MC;4;D;1;Plant_heights_in_woodlice_habitats;0;1.167378587;1.619392513;0.229650423
S072032;;0;1;S010;03;8;S;7;Secured;Yes;Biology;Cells_and_Their_Functions;;1;0;0;0;0;0;0;0;0;0;0;0;2B;;Applying;MC;4;C;1;Tube_with_materials_for_cellular_respiration;0;2.117374387;1.167735882;0.373014103
S072033A;S072033;0;1;S010;01A;8;S;7;Secured;No;Biology;Cells_and_Their_Functions;;0;1;0;0;0;0;0;0;0;0;0;0;1D;;Knowing;MC;6;B;1;Functions_of_different_types_of_cells_-_muscle;0;1.653669814;-0.522629343;0.316284548
S072033B;S072033;0;1;S010;01B;8;S;7;Secured;No;Biology;Cells_and_Their_Functions;;0;1;0;0;0;0;0;0;0;0;0;0;1D;;Knowing;MC;6;E;1;Functions_of_different_types_of_cells_-_bone;0;1.810792899;-0.520169777;0.322221747
S072033C;S072033;0;1;S010;01C;8;S;7;Secured;No;Biology;Cells_and_Their_Functions;;0;1;0;0;0;0;0;0;0;0;0;0;1D;;Knowing;MC;6;F;1;Functions_of_different_types_of_cells_-_nerve;0;1.974943401;-0.654258286;0.40281017
S072033E;S072033;0;1;S010;01E;8;S;7;Secured;No;Biology;Cells_and_Their_Functions;;0;1;0;0;0;0;0;0;0;0;0;0;1D;;Knowing;MC;6;C;1;Functions_of_different_types_of_cells_-_white_blood_cell;0;2.210677512;-0.010516205;0.439326374
S072038;;0;1;S012;06;8;S;7;Secured;Yes;Biology;Cells_and_Their_Functions;;1;0;0;0;0;0;0;0;0;0;0;0;2B;;Applying;MC;4;A;1;What_makes_fermentation_unique;0;1.006667883;0.936156738;0.205411165
S072049;;0;1;S014;03;8;S;7;Secured;Yes;Biology;Life_Cycles_Reproduction_and_Heredity;;1;0;0;0;0;0;0;0;0;0;0;0;2B;;Applying;MC;4;B;1;Source_of_DNA_making_flowers_pink;0;0.852037801;-0.853696702;0.194964495
S072066;;0;1;S04;05;8;S;7;Secured;Yes;Biology;Ecosystems;;1;0;0;0;0;0;0;0;0;0;0;0;3B;;Applying;MC;4;C;1;Identify_predators_in_diagram;0;0.830783753;-0.514991067;0.008450412
S072070;;0;1;S08;01;8;S;7;Secured;Yes;Biology;Ecosystems;;1;0;0;0;0;0;0;0;0;0;0;0;3C;;Applying;MC;4;D;1;Symbiosis_between_crocodiles_and_birds;0;1.36647076;0.976972838;0.301271057
S072072;;0;1;S02;01;8;S;7;Restricted_Use;Yes;Biology;Ecosystems;;0;1;0;0;0;0;0;0;0;0;0;0;3C;;Knowing;MC;4;D;1;Relationship_between_insects_and_flowering_plants;0;0.608379327;-0.433951685;0.014057335
S072074;;0;1;S014;06;8;S;7;Secured;Yes;Biology;Ecosystems;;0;1;0;0;0;0;0;0;0;0;0;0;5A;;Knowing;CR;–;–;1;How_planting_trees_benefits_environment;0;1.546967445;0.976357512;0.128626113
S072077;;0;;S02;04;8;S;7;Restricted_Use;Yes;Biology;Ecosystems;;1;0;0;0;0;0;0;0;0;0;0;0;2A;;Applying;MC;4;C;1;Why_leaves__masses_decreased;0;2.845828829;1.136934117;0.303673324
S072078;;0;1;S012;01;8;S;7;Secured;Yes;Biology;Ecosystems;;0;1;0;0;0;0;0;0;0;0;0;0;2A;;Knowing;CR;–;–;1;Plant_part_that_releases_water;0;0.87180349;-0.289487889;0.013703513
S072082;;0;1;S04;04;8;S;7;Secured;Yes;Biology;Ecosystems;;1;0;0;0;0;0;0;0;0;0;0;0;5A;;Applying;CR;–;–;1;How_fewer_vehicles_affects_air_quality;0;0.90506943;-1.099567189;0.002870217
S072091;;0;1;S014;07;8;S;7;Secured;Yes;Biology;Human_Health;;0;1;0;0;0;0;0;0;0;0;0;0;1B;;Knowing;MC;4;C;1;Function_of_white_blood_cells;0;1.182803647;0.258919878;0.213382128
S072100;;0;1;S08;08;8;S;7;Secured;Yes;Chemistry;Chemical_Change;;0;0;0;1;0;0;0;0;0;0;0;0;2A;;Applying;MC;4;C;1;Number_of_hydrogen_atoms_in_Diagram_A;0;0.370329573;-1.394112817;0.013908021
S072102;;0;1;S04;07;8;S;7;Secured;Yes;Chemistry;Composition_of_Matter;;0;0;0;0;1;0;0;0;0;0;0;0;1A;;Knowing;CR;–;–;1;Subatomic_particle_not_included_in_diagram;0;0.982833926;-0.649255484;0.00513297
S072103;;0;1;S02;06;8;S;7;Restricted_Use;Yes;Chemistry;Composition_of_Matter;;0;0;0;0;1;0;0;0;0;0;0;0;1A;;Knowing;CR;–;–;1;Location_of_subatomic_particles;0;1.094139087;1.298606928;0.442322504
S072109;;0;1;S014;08;8;S;7;Secured;Yes;Chemistry;Composition_of_Matter;;0;0;0;1;0;0;0;0;0;0;0;0;3A;;Applying;CR;–;–;1;Place_elements_in_periodic_table;0;1.030261993;2.586207285;0.193976598
S072110;;0;1;S02;07;8;S;7;Restricted_Use;Yes;Chemistry;Composition_of_Matter;;0;0;0;1;0;0;0;0;0;0;0;0;3A;;Applying;CR;–;–;1;Order_elements_from_smallest_to_largest_atomic_num;0;0.671047748;2.094976482;0.015670546
S072116;;0;1;S010;09;8;S;7;Secured;Yes;Chemistry;Composition_of_Matter;;0;0;0;0;1;0;0;0;0;0;0;0;3B;;Knowing;MC;4;A;1;Elements_in_Group_7;0;0.265944912;1.388603117;0.081174186
S072120;;0;1;S012;07;8;S;7;Secured;Yes;Chemistry;Properties_of_Matter;;0;0;0;0;1;0;0;0;0;0;0;0;1A;;Knowing;MC;4;B;1;Identify_a_chemical_property;0;0.301350489;1.514707469;0.077121655
S072123;;0;1;S010;08;8;S;7;Secured;Yes;Chemistry;Properties_of_Matter;;0;0;0;0;0;1;0;0;0;0;0;0;1B;;Reasoning;MC;4;B;1;Properties_of_liquid_in_thermometer;0;0.856946486;-1.25788391;0.251365041
S072130A;;0;1;S02;08A;8;S;7;Restricted_Use;No;Chemistry;Properties_of_Matter;;0;0;0;0;1;0;0;0;0;0;0;0;4B;;Knowing;MC;3;C;1;Acidic_basic_or_neutral_solution_-_Solution_1;0;1.255673224;1.376082183;0.186585342
S072130B;;0;;S02;08B;8;S;7;Restricted_Use;No;Chemistry;Properties_of_Matter;;0;0;0;0;1;0;0;0;0;0;0;0;4B;;Knowing;MC;3;A;1;Acidic_basic_or_neutral_solution_-_Solution_2;0;2.268987007;1.762901236;0.406329706
S072130C;;0;;S02;08C;8;S;7;Restricted_Use;No;Chemistry;Properties_of_Matter;;0;0;0;0;1;0;0;0;0;0;0;0;4B;;Knowing;MC;3;B;1;Acidic_basic_or_neutral_solution_-_Solution_3;0;1.538905382;1.995551574;0.310927933
S072132;;0;1;S014;10;8;S;7;Secured;Yes;Chemistry;Properties_of_Matter;;0;0;0;0;0;1;0;0;0;0;0;0;4B;;Reasoning;CR;–;–;1;Hydrangea_colors_in_acidic_soil;0;0.841702755;1.752032598;0.004451104
S072137;;0;1;S08;10;8;S;7;Secured;Yes;Chemistry;Properties_of_Matter;;0;0;0;1;0;0;0;0;0;0;0;0;1C;;Applying;MC;4;B;1;How_carbon_dioxide_extinguishes_a_fire;0;1.195933441;-0.142784408;0.031272979
S072140;;0;1;S014;09;8;S;7;Secured;Yes;Chemistry;Properties_of_Matter;;0;0;0;0;0;1;0;0;0;0;0;0;2B;;Reasoning;MC;4;C;1;How_substances_are_grouped;0;0.810149877;1.268025743;0.284008454
S072141A;;0;1;S04;08A;8;S;7;Secured;Yes;Chemistry;Properties_of_Matter;;0;0;0;0;0;1;0;0;0;0;0;0;2B;;Reasoning;CR;–;–;1;Best_measurement_to_answer_George_s_question;0;0.944998346;1.604794769;0.001128365
S072143A;S072143;0;1;S012;08A;8;S;7;Secured;No;Chemistry;Properties_of_Matter;;0;0;0;0;0;1;0;0;0;0;0;0;3A;;Reasoning;MC;5;A;1;Equipment_Tom_should_use_-_water_and_salt/salt;0;1.581239836;1.204977977;0.331969641
S072143B;S072143;0;1;S012;08B;8;S;7;Secured;No;Chemistry;Properties_of_Matter;;0;0;0;0;0;1;0;0;0;0;0;0;3A;;Reasoning;MC;5;C;1;Equipment_Tom_should_use_-_water_and_sand/water;0;1.66842504;1.026507174;0.328232476
S072143C;S072143;0;1;S012;08C;8;S;7;Secured;No;Chemistry;Properties_of_Matter;;0;0;0;0;0;1;0;0;0;0;0;0;3A;;Reasoning;MC;5;D;1;Equipment_Tom_should_use_-_sand_and_pebbles/pebbles;0;1.632423136;0.855432279;0.450763251
S072143D;S072143;0;1;S012;08D;8;S;7;Secured;No;Chemistry;Properties_of_Matter;;0;0;0;0;0;1;0;0;0;0;0;0;3A;;Reasoning;MC;5;B;1;Equipment_Tom_should_use_-_copper_and_iron_filings/iron_;0;0.963705125;-1.594407624;0.3335651
S072145;;0;1;S08;07;8;S;7;Secured;Yes;Chemistry;Properties_of_Matter;;0;0;0;0;0;1;0;0;0;0;0;0;3A;;Reasoning;CR;–;–;1;John_s_mixture_separation_steps;0;1.482763293;1.692548451;0.00069932
S072148;;0;1;S02;09;8;S;7;Restricted_Use;Yes;Chemistry;Properties_of_Matter;;0;0;0;0;1;0;0;0;0;0;0;0;4C;;Knowing;MC;4;D;1;Mixing_an_acid_and_base_solution;0;1.018509254;2.050619062;0.112068755
S072168;;0;1;S012;10;8;S;7;Secured;Yes;Chemistry;Chemical_Change;;0;0;0;0;1;0;0;0;0;0;0;0;3A;;Knowing;MC;4;D;1;Formation_of_iron_sulfide;0;1.512354592;1.182065997;0.267864696
S072200;;0;1;S02;10;8;S;7;Restricted_Use;Yes;Physics;Physical_States_and_Changes_in_Matter;;0;0;0;0;0;0;0;0;0;1;0;0;1B;;Applying;MC;4;A;1;Gas_molecules_in_an_expanding_balloon;0;0.637827043;0.865704854;0.038058065
S072205;;0;1;S012;11;8;S;7;Secured;Yes;Physics;Physical_States_and_Changes_in_Matter;;0;0;0;0;0;0;0;0;0;0;1;0;2A;;Knowing;MC;4;C;1;Water_molecules_in_a_melting_ice_cube;0;0.483589341;0.256023844;0.019130685
S072209;;0;1;S014;11;8;S;7;Secured;Yes;Physics;Physical_States_and_Changes_in_Matter;;0;0;0;0;0;0;0;0;0;1;0;0;2A;;Applying;MC;4;A;1;Process_in_section_2_of_graph;0;0.81105487;0.344584334;0.003476502
S072220;;0;;S010;14;8;S;7;Secured;Yes;Physics;Energy_Transformation_and_Transfer;;0;0;0;0;0;0;0;0;0;0;1;0;1A;;Knowing;MC;4;D;1;Stone_s_position_with_greatest_kinetic_energy;0;1.73438245;2.106322399;0.174508659
S072231;;0;;S010;12;8;S;7;Secured;Yes;Physics;Energy_Transformation_and_Transfer;;0;0;0;0;0;0;0;0;0;0;0;1;2C;;Reasoning;MC;4;C;1;Experimental_set_up_to_test_how_quickly_bars_conduct_heat;0;1.982553875;2.017599648;0.371449902
S072232A;S072232;0;1;S02;11A;8;S;7;Restricted_Use;No;Physics;Energy_Transformation_and_Transfer;;0;0;0;0;0;0;0;0;0;0;0;1;2C;;Reasoning;MC;2;A;1;Things_Tom_should_do_-_same_type_of_wax_on_both_rods;0;2.205009815;-0.578857509;0.286707226
S072232B;S072232;0;1;S02;11B;8;S;7;Restricted_Use;No;Physics;Energy_Transformation_and_Transfer;;0;0;0;0;0;0;0;0;0;0;0;1;2C;;Reasoning;MC;2;B;1;Things_Tom_should_do_-_higher_flame_for_the_copper_rod;0;2.708056037;-0.855888207;0.26163917
S072232D;S072232;0;1;S02;11D;8;S;7;Restricted_Use;No;Physics;Energy_Transformation_and_Transfer;;0;0;0;0;0;0;0;0;0;0;0;1;2C;;Reasoning;MC;2;A;1;Things_Tom_should_do_-_paperclips_same_distance_from_flame;0;2.488913195;-0.678845399;0.335950648
S072232F;S072232;0;1;S02;11F;8;S;7;Restricted_Use;No;Physics;Energy_Transformation_and_Transfer;;0;0;0;0;0;0;0;0;0;0;0;1;2C;;Reasoning;MC;2;B;1;Things_Tom_should_do_-_more_wax_on_the_iron_rod;0;1.572699938;-1.42564297;0.0866907
S072234;;0;1;S04;10;8;S;7;Secured;Yes;Physics;Energy_Transformation_and_Transfer;;0;0;0;0;0;0;0;0;0;1;0;0;2B;;Applying;MC;4;D;1;Energy_transfer_during_temperature_change;0;1.770493835;1.502635018;0.150252832
S072244;;0;1;S02;13;8;S;7;Restricted_Use;Yes;Physics;Light_and_Sound;;0;0;0;0;0;0;0;0;0;1;0;0;2A;;Applying;CR;–;–;1;Cell_phone_in_a_vacuum;0;1.315626742;1.15462632;0.003655054
S072249;;0;1;S014;13;8;S;7;Secured;Yes;Physics;Light_and_Sound;;0;0;0;0;0;0;0;0;0;0;1;0;2A;;Knowing;MC;4;D;1;Sounds_made_by_shortest_and_longest_bars_of_a_xylophone;0;0.731876347;0.365553442;0.011197054
S072251;;0;1;S04;11;8;S;7;Secured;Yes;Physics;Light_and_Sound;;0;0;0;0;0;0;0;0;0;0;0;1;1B;;Reasoning;MC;4;A;1;Where_Megan_should_stand;0;0.725411436;1.177496112;0.199561994
S072260C;S072260;0;1;S08;13C;8;S;7;Secured;No;Physics;Electricity_and_Magnetism;;0;0;0;0;0;0;0;0;0;0;0;1;1A;;Reasoning;MC;2;B;1;Components_Julia_must_use_to_build_a_circuit_-_bulb;0;0.811094556;-2.475147039;0.048314475
S072260F;S072260;0;1;S08;13F;8;S;7;Secured;No;Physics;Electricity_and_Magnetism;;0;0;0;0;0;0;0;0;0;0;0;1;1A;;Reasoning;MC;2;A;1;Components_Julia_must_use_to_build_a_circuit_-_bell;0;0.862485273;-2.634812802;0.029610136
S072260G;S072260;0;1;S08;13G;8;S;7;Secured;No;Physics;Electricity_and_Magnetism;;0;0;0;0;0;0;0;0;0;0;0;1;1A;;Reasoning;MC;2;B;1;Components_Julia_must_use_to_build_a_circuit_-_tape;0;0.366741717;-2.47848215;0.160687405
S072260H;;0;;S08;13H;8;S;7;Secured;No;Physics;Electricity_and_Magnetism;;0;0;0;0;0;0;0;0;0;0;0;1;1A;;Reasoning;MC;2;A;1;Components_Julia_must_use_to_build_a_circuit_-_switch;0;1.201786297;-2.720729011;0.016870263
S072261B;;0;1;S010;13B;8;S;7;Secured;No;Physics;Electricity_and_Magnetism;;0;0;0;0;0;0;0;0;0;0;1;0;1A;;Knowing;MC;2;A;1;Conductors_or_insulators_-_Material_2;0;0.813574813;-0.370693509;0.253810183
S072261C;;0;;S010;13C;8;S;7;Secured;No;Physics;Electricity_and_Magnetism;;0;0;0;0;0;0;0;0;0;0;1;0;1A;;Knowing;MC;2;B;1;Conductors_or_insulators_-_Material_3;0;2.164294596;-1.848177234;0.012113221
S072261D;;0;;S010;13D;8;S;7;Secured;No;Physics;Electricity_and_Magnetism;;0;0;0;0;0;0;0;0;0;0;1;0;1A;;Knowing;MC;2;A;1;Conductors_or_insulators_-_Material_4;0;2.09194126;-1.912099578;0.015717029
S072261E;;0;;S010;13E;8;S;7;Secured;No;Physics;Electricity_and_Magnetism;;0;0;0;0;0;0;0;0;0;0;1;0;1A;;Knowing;MC;2;B;1;Conductors_or_insulators_-_Material_5;0;1.900701666;-2.104485976;0.008231091
S072265A;S072265;0;1;S08;14A;8;S;7;Secured;No;Physics;Electricity_and_Magnetism;;0;0;0;0;0;0;0;0;0;0;1;0;2A;;Knowing;MC;2;A;1;Statements_about_magnets_-_like_poles_repel;0;0.940267958;-1.505714616;0.407251245
S072265B;S072265;0;1;S08;14B;8;S;7;Secured;No;Physics;Electricity_and_Magnetism;;0;0;0;0;0;0;0;0;0;0;1;0;2A;;Knowing;MC;2;B;1;Statements_about_magnets_-_plastics_are_magnetic;0;1.220099565;-1.60961809;0.32018148
S072265C;;0;;S08;14C;8;S;7;Secured;No;Physics;Electricity_and_Magnetism;;0;0;0;0;0;0;0;0;0;0;1;0;2A;;Knowing;MC;2;A;1;Statements_about_magnets_-_strong_magnets_attract_more;0;1.39661667;-2.223257974;0.024296543
S072265D;;0;;S08;14D;8;S;7;Secured;No;Physics;Electricity_and_Magnetism;;0;0;0;0;0;0;0;0;0;0;1;0;2A;;Knowing;MC;2;B;1;Statements_about_magnets_-_attract_wood;0;1.522076605;-2.593417835;0.041341214
S072265E;S072265;0;1;S08;14E;8;S;7;Secured;No;Physics;Electricity_and_Magnetism;;0;0;0;0;0;0;0;0;0;0;1;0;2A;;Knowing;MC;2;B;1;Statements_about_magnets_-_size_and_strength;0;1.325138206;1.13376019;0.489195822
S072275;;0;1;S02;12;8;S;7;Restricted_Use;Yes;Physics;Motion_and_Forces;;0;0;0;0;0;0;0;0;0;0;1;0;2B;;Knowing;MC;4;D;1;Vehicle_with_different_weights_on_different_planets;0;1.021100685;-1.613176552;0.124571361
S072280A;;0;1;S012;13A;8;S;7;Secured;Yes;Physics;Motion_and_Forces;;0;0;0;0;0;0;0;0;0;0;0;1;1A;;Reasoning;CR;–;–;1;Movement_of_motorbike_in_chronophotograph_A;0;1.69709606;1.454025111;0.116878668
S072284;;0;1;S04;12;8;S;7;Secured;Yes;Physics;Motion_and_Forces;;0;0;0;0;0;0;0;0;0;0;1;0;2A;;Knowing;CR;–;–;1;Force_represented_by_arrow_in_picture;0;1.116872893;-0.025436425;0.248889687
S072293;;0;1;S012;12;8;S;7;Secured;Yes;Physics;Motion_and_Forces;;0;0;0;0;0;0;0;0;0;1;0;0;3D;;Applying;CR;–;–;1;Why_Ben_slides_faster_when_the_water_is_on;0;1.066103966;1.815034191;0.006188957
S072294;;0;1;S010;11;8;S;7;Secured;Yes;Physics;Motion_and_Forces;;0;0;0;0;0;0;0;0;0;1;0;0;3D;;Applying;CR;–;–;1;How_parachute_slows_Skydiver_B_s_fall;0;1.284588196;1.371206297;0.152235235
S072298;;0;1;S08;11;8;S;7;Secured;Yes;Physics;Motion_and_Forces;;0;0;0;0;0;0;0;0;0;0;1;0;1A;;Knowing;CR;–;–;1;Information_Kerry_needs_to_calculate_her_average_speed;0;1.320080469;1.63765007;0.001872864
S072301;;0;1;S02;14;8;S;7;Restricted_Use;Yes;Earth_Science;Earth_s_Structure_and_Physical_Features;;0;0;0;0;0;0;0;1;0;0;0;0;2B;;Knowing;MC;4;B;1;Why_balloon_gets_bigger_as_it_rises;0;0.431190191;0.361232922;0.009357054
S072303;;0;1;S014;16;8;S;7;Secured;Yes;Earth_Science;Earth_s_Structure_and_Physical_Features;;0;0;0;0;0;0;1;0;0;0;0;0;1A;;Applying;MC;4;D;1;Diagram_best_representing_Earth;0;0.780734518;1.299662564;0.111677446
S072323;;0;1;S014;14;8;S;7;Secured;Yes;Earth_Science;Earth_s_Processes_Cycles_and_History;;0;0;0;0;0;0;0;1;0;0;0;0;1A;;Knowing;MC;4;B;1;Conditions_where_rock_will_weather_the_fastest;0;0.60444511;0.043775583;0.237963349
S072335;;0;1;S02;16;8;S;7;Restricted_Use;Yes;Earth_Science;Earth_s_Processes_Cycles_and_History;;0;0;0;0;0;0;1;0;0;0;0;0;1C;;Applying;MC;4;C;1;Natural_resource_formation_shown_in_diagrams;0;2.105383495;0.199251947;0.385096709
S072345B;S072345;0;1;S04;13B;8;S;7;Secured;No;Earth_Science;Earth_s_Resources_Their_Use_and_Conservation;;0;0;0;0;0;0;1;0;0;0;0;0;1C;;Applying;MC;3;B;1;Reduce_reuse_or_recycle_-_refilling_plastic_water_bottles;0;2.52759824;-0.624365856;0.355974876
S072345C;S072345;0;1;S04;13C;8;S;7;Secured;No;Earth_Science;Earth_s_Resources_Their_Use_and_Conservation;;0;0;0;0;0;0;1;0;0;0;0;0;1C;;Applying;MC;3;B;1;Reduce_reuse_or_recycle_-_recharging_batteries;0;1.141721957;-0.394476664;0.408997108
S072345D;S072345;0;1;S04;13D;8;S;7;Secured;No;Earth_Science;Earth_s_Resources_Their_Use_and_Conservation;;0;0;0;0;0;0;1;0;0;0;0;0;1C;;Applying;MC;3;C;1;Reduce_reuse_or_recycle_-_new_cardboard_from_old_boxes;0;0.860294965;-2.334603938;0.041494261
S072345E;S072345;0;1;S04;13E;8;S;7;Secured;No;Earth_Science;Earth_s_Resources_Their_Use_and_Conservation;;0;0;0;0;0;0;1;0;0;0;0;0;1C;;Applying;MC;3;C;1;Reduce_reuse_or_recycle_-_composting;0;0.714948279;0.796942649;0.245732554
S072345G;S072345;0;1;S04;13G;8;S;7;Secured;No;Earth_Science;Earth_s_Resources_Their_Use_and_Conservation;;0;0;0;0;0;0;1;0;0;0;0;0;1C;;Applying;MC;3;C;1;Reduce_reuse_or_recycle_-_windows_from_glass_bottles;0;0.95134685;-0.989063843;0.167343453
S072347;;0;1;S08;15;8;S;7;Secured;Yes;Earth_Science;Earth_s_Resources_Their_Use_and_Conservation;;0;0;0;0;0;0;0;0;1;0;0;0;2B;;Reasoning;MC;4;A;1;Area_that_would_most_benefit_from_desalination_plant;0;1.101140347;0.982940736;0.093608571
S072349;;0;1;S04;14;8;S;7;Secured;Yes;Earth_Science;Earth_s_Resources_Their_Use_and_Conservation;;0;0;0;0;0;0;0;0;1;0;0;0;2A;;Reasoning;MC;4;A;1;Why_an_area_floods_more_often_after_a_forest_is_cleared;0;1.22122111;-0.261710117;0.070446194
S072351;;0;1;S08;16;8;S;7;Secured;Yes;Earth_Science;Earth_s_Resources_Their_Use_and_Conservation;;0;0;0;0;0;0;0;1;0;0;0;0;1A;;Knowing;CR;–;–;1;Why_oil_gas_and_coal_are_nonrenewable_resources;0;1.136403731;0.570207555;0.13181532
S072363;;0;1;S04;15;8;S;7;Secured;Yes;Earth_Science;Earth_in_the_Solar_System_and_the_Universe;;0;0;0;0;0;0;0;1;0;0;0;0;2A;;Knowing;MC;4;C;1;How_the_Sun_produces_light;0;1.078272648;-1.46101985;0.006379571
S072367;;0;1;S08;17;8;S;7;Secured;Yes;Earth_Science;Earth_in_the_Solar_System_and_the_Universe;;0;0;0;0;0;0;1;0;0;0;0;0;1B;;Applying;MC;4;A;1;Main_cause_of_changing_tides;0;0.990724353;-0.65779004;0.004645167
S072368;;0;1;S014;15;8;S;7;Secured;Yes;Earth_Science;Earth_in_the_Solar_System_and_the_Universe;;0;0;0;0;0;0;0;0;1;0;0;0;1B;;Reasoning;MC;4;C;1;Position_of_Moon_when_Jill_took_her_photo;0;1.330133564;-0.487779273;0.353665336
S072370;;0;1;S012;14;8;S;7;Secured;Yes;Earth_Science;Earth_in_the_Solar_System_and_the_Universe;;0;0;0;0;0;0;1;0;0;0;0;0;2A;;Applying;MC;4;C;1;What_makes_Saturn_visible;0;1.662704049;0.252218243;0.353049832
S072400D;;0;1;S08;02D;8;S;7;Secured;No;Biology;Characteristics_and_Life_Processes_of_Organisms;;0;1;0;0;0;0;0;0;0;0;0;0;2A;;Knowing;MC;6;D;1;Match_organs_to_body_systems_-_brain;0;1.04562951;-2.68343041;0.045358169
S072403B;;0;;S04;02B;8;S;7;Secured;No;Biology;Characteristics_and_Life_Processes_of_Organisms;;0;1;0;0;0;0;0;0;0;0;0;0;1B;;Knowing;MC;6;A;1;Classifying_animals_into_groups_-_insects;0;1.734695722;-2.305879901;0.354737009
S072403C;S072403;0;1;S04;02C;8;S;7;Secured;No;Biology;Characteristics_and_Life_Processes_of_Organisms;;0;1;0;0;0;0;0;0;0;0;0;0;1B;;Knowing;MC;6;F;1;Classifying_animals_into_groups_-_mammals;0;1.130902644;-1.708166261;0.003808217
S072403D;S072403;0;1;S04;02D;8;S;7;Secured;No;Biology;Characteristics_and_Life_Processes_of_Organisms;;0;1;0;0;0;0;0;0;0;0;0;0;1B;;Knowing;MC;6;E;1;Classifying_animals_into_groups_-_reptiles;0;1.084756035;-1.582401713;0.004876417
S072440;;0;1;S010;02;8;S;7;Secured;Yes;Biology;Life_Cycles_Reproduction_and_Heredity;;1;0;0;0;0;0;0;0;0;0;0;0;2C;;Applying;CR;–;–;1;Inherited_and_acquired_traits_(bird);0;0.382932887;-0.399217804;0.155472071
S072443;;0;1;S08;05;8;S;7;Secured;Yes;Biology;Life_Cycles_Reproduction_and_Heredity;;0;1;0;0;0;0;0;0;0;0;0;0;2B;;Knowing;MC;4;B;1;Human_DNA_;0;0.860391034;-1.058113375;0.064664442
S072451;;0;1;S014;05;8;S;7;Secured;Yes;Biology;Diversity_Adaptation_and_Natural_Selection;;0;0;1;0;0;0;0;0;0;0;0;0;2A;;Reasoning;CR;–;–;1;Oldest_fossils;0;0.879914783;0.035153849;0.01486429
S072460;;0;1;S012;02;8;S;7;Secured;Yes;Biology;Ecosystems;;1;0;0;0;0;0;0;0;0;0;0;0;5B;;Applying;MC;4;A;1;Human_activity_that_can_cause_algal_blooms;0;0.642106104;0.41701873;0.37212702
S072462;;0;1;S08;04;8;S;7;Secured;Yes;Biology;Ecosystems;;1;0;0;0;0;0;0;0;0;0;0;0;1B;;Applying;MC;4;C;1;Largest_transfer_of_energy_in_energy_pyramid;0;0.614096906;1.480354875;0.307990654
S072721;;0;1;S02;15;8;S;7;Restricted_Use;Yes;Earth_Science;Earth_s_Processes_Cycles_and_History;;0;0;0;0;0;0;0;0;1;0;0;0;3D;;Reasoning;MC;4;A;1;Evidence_of_global_warming;0;1.945968257;-0.30108734;0.255500815
S072900A;S072900;0;1;S02;05A;8;S;7;Restricted_Use;Yes;Biology;Characteristics_and_Life_Processes_of_Organisms;;1;0;0;0;0;0;0;0;0;0;0;0;1B;;Applying;CR;–;–;1;Classify_animals_based_on_a_single_characteristic;0;1.246154213;0.221944132;0.003880066
S072900B;S072900;0;1;S02;05B;8;S;7;Restricted_Use;Yes;Biology;Characteristics_and_Life_Processes_of_Organisms;;0;0;1;0;0;0;0;0;0;0;0;0;1B;;Reasoning;CR;–;–;1;Identify_the_characteristic_used_to_classify_animals;0;0.949199633;0.167109816;0.04406684
S072901;;0;1;S012;05;8;S;7;Secured;Yes;Biology;Diversity_Adaptation_and_Natural_Selection;;0;0;1;0;0;0;0;0;0;0;0;0;2B;;Reasoning;MC;4;B;1;Snakes_sharing_physical_and_behavioral_traits;0;0.542513884;-0.313940218;0.014349056
S072902;;0;1;S02;03;8;S;7;Restricted_Use;Yes;Biology;Ecosystems;;0;0;1;0;0;0;0;0;0;0;0;0;2B;;Reasoning;CR;–;–;1;Increase_green_space_as_carbon_dioxide_increases;0;1.122543584;0.485466352;0.174775447
S072905A;S072905;0;1;S014;02A;8;S;7;Secured;No;Biology;Human_Health;;0;1;0;0;0;0;0;0;0;0;0;0;2A;;Knowing;MC;6;B;1;Risk_factors_for_disease:_salt;0;0.625427784;-2.098036654;0.045492878
S072905B;;0;;S014;02B;8;S;7;Secured;No;Biology;Human_Health;;0;1;0;0;0;0;0;0;0;0;0;0;2A;;Knowing;MC;6;E;1;Risk_factors_for_disease:_sunscreen;0;1.23878619;-2.431988304;0.02358528
S072921;;0;1;S04;09;8;S;7;Secured;Yes;Chemistry;Properties_of_Matter;;0;0;0;1;0;0;0;0;0;0;0;0;4C;;Applying;CR;–;–;1;Combining_Solution_2_and_Solution_3;0;1.203776434;2.413531844;0.002968828