Item ID;UNIT;repeated;New_Cycle;Block;Block Seq;Grade;Subject;Cycle;"Secured
Status";"Scaling
Status";Content Domain;Topic Area;;Biology_Applying;Biology_Knowing;Biology_Reasoning;Chemistry_Applying;Chemistry_Knowing;Chemistry_Reasoning;Earth_Applying;Earth_Knowing;Earth_Reasoning;Physics_Applying;Physics_Knowing;Physics_Reasoning;Topic;Performance Objective;Cognitive Domain;Item_Type;Options;Key;Maximum Points;Label;derived;a;b;c
S042003;;0;0;S07;03;8;S;4;Restricted Use;Yes;Biology;Characteristics and Life Processes of Organisms;;1;0;0;0;0;0;0;0;0;0;0;0;2;C;Applying;MC;4;B;1;O2-CO2 exchange in an animal skin;0;0.359156872;-0.249818854;0.061288711
S042015;;0;0;S05;03;8;S;4;Restricted Use;Yes;Biology;Cells and Their Functions;;0;1;0;0;0;0;0;0;0;0;0;0;1;C;Knowing;MC;4;D;1;Function of the cell membrane;0;1.601879731;-1.837322193;0.277300956
S042016;;0;0;S01;03;8;S;4;Restricted Use;Yes;Biology;Cells and Their Functions;;0;1;0;0;0;0;0;0;0;0;0;0;1;C;Knowing;MC;4;A;1;Organelle that produces energy;0;1.542135998;-1.903325624;0.139572626
S042030;;0;0;S07;02;8;S;4;Restricted Use;Yes;Biology;Life Cycles, Reproduction, and Heredity;;1;0;0;0;0;0;0;0;0;0;0;0;1;A;Applying;CR;-;-;1;What kind of reproduction;0;0.87270548;-0.658938039;0.001840977
S042049A;S042049;0;0;S05;05A;8;S;4;Restricted Use;Yes;Biology;Ecosystems;;1;0;0;0;0;0;0;0;0;0;0;0;3;B;Applying;CR;-;-;1;Population of rabbits and lynxes;0;0.533633677;1.685268354;0.048856648
S042049B;S042049;0;0;S05;05B;8;S;4;Restricted Use;Yes;Biology;Ecosystems;;0;0;1;0;0;0;0;0;0;0;0;0;4;B;Reasoning;CR;-;-;1;Number of lynxes in 1996 vs 2004;0;1.107388773;0.232767367;0.342304986
S042065;;0;0;S07;06;8;S;4;Restricted Use;Yes;Chemistry;Properties of Matter;;0;0;0;0;1;0;0;0;0;0;0;0;2;A;Knowing;MC;4;C;1;Good conductor of heat-electricity;0;1.216787921;0.992575421;0.289732158
S042068;;0;0;S01;06;8;S;4;Restricted Use;Yes;Chemistry;Composition of Matter;;0;0;0;0;1;0;0;0;0;0;0;0;1;B;Knowing;MC;4;A;1;Which one is a mixture;0;0.764678816;-1.294093766;0.015552014
S042088;;0;0;S07;08;8;S;4;Restricted Use;Yes;Chemistry;Properties of Matter;;0;0;0;1;0;0;0;0;0;0;0;0;3;C;Applying;CR;-;-;1;Which solution is more dilute;0;0.809967424;0.34276595;0.008099822
S042094;;0;0;S01;09;8;S;4;Restricted Use;Yes;Physics;Physical States and Changes in Matter;;0;0;0;0;0;0;0;0;0;1;0;0;1;B;Applying;CR;-;-;1;Why plastic bottle cracked;0;1.011113505;-0.337370486;0.001512493
S042104;;0;0;S07;10;8;S;4;Restricted Use;Yes;Chemistry;Chemical Change;;0;0;0;0;0;1;0;0;0;0;0;0;2;A;Reasoning;CR;-;-;1;Balance after HCL-NaOH are mixed;0;0.7133902;-1.842258299;0.000839727
S042110;;0;0;S07;04;8;S;4;Restricted Use;Yes;Chemistry;Chemical Change;;0;0;0;1;0;0;0;0;0;0;0;0;1;C;Applying;MC;4;D;1;Which nails rusted most;0;0.407338946;0.924264363;0.048258955
S042126;;0;0;S05;09;8;S;4;Restricted Use;Yes;Earth Science;Earth's Processes, Cycles, and History;;0;0;0;0;0;0;0;1;0;0;0;0;3;D;Knowing;MC;4;A;1;Gas increasing in atmosphere;0;1.210279426;0.698057251;0.305760877
S042135;;0;0;S05;13;8;S;4;Restricted Use;Yes;Earth Science;Earth's Processes, Cycles, and History;;0;0;0;0;0;0;0;1;0;0;0;0;2;A;Knowing;CR;-;-;1;Water cycle processes;0;1.898063862;1.219814097;0.279003282
S042164;;0;0;S01;14;8;S;4;Restricted Use;Yes;Earth Science;Earth in the Solar System and the Universe;;0;0;0;0;0;0;0;1;0;0;0;0;1;C;Knowing;MC;4;B;1;Result gravitational pull of moon;0;1.80105518;-0.369451787;0.210073336
S042176;;0;0;S05;11;8;S;4;Restricted Use;Yes;Physics;Physical States and Changes in Matter;;0;0;0;0;0;0;0;0;0;0;0;1;2;B;Reasoning;CR;-;-;1;Flasks contain fresh & salt water;0;1.587268106;-0.919402509;0.076086055
S042182;;0;0;S05;06;8;S;4;Restricted Use;Yes;Physics;Energy Transformation and Transfer;;0;0;0;0;0;0;0;0;0;0;1;0;1;A;Knowing;MC;4;C;1;Type of energy compressed spring;0;1.018672118;2.240407936;0.149738804
S042195;;0;0;S01;11;8;S;4;Restricted Use;Yes;Physics;Electricity and Magnetism;;0;0;0;0;0;0;0;0;0;1;0;0;1;C;Applying;CR;-;-;1;What is resistance in a circuit;0;0.368962267;-0.90994747;0.008705399
S042211;;0;0;S05;12;8;S;4;Restricted Use;Yes;Physics;Forces and Motion;;0;0;0;0;0;0;0;0;0;1;0;0;1;A;Applying;CR;-;-;1;Forces on student sitting on wall ;0;1.687681297;-0.378497372;0.260297472
S042216;;0;0;S01;07;8;S;4;Restricted Use;Yes;Physics;Light and Sound;;0;0;0;0;0;0;0;0;0;1;0;0;1;D;Applying;MC;4;D;1;Student reading a book;0;0.613761093;-1.032486111;0.216521691
S042217;;0;0;S07;15;8;S;4;Restricted Use;Yes;Earth Science;Earth in the Solar System and the Universe;;0;0;0;0;0;0;0;1;0;0;0;0;1;A;Knowing;MC;4;B;1;Shadow of a tree on a sunny day;0;1.40669588;-0.370962868;0.088174481
S042218;;0;0;S07;09;8;S;4;Restricted Use;Yes;Physics;Forces and Motion;;0;0;0;0;0;0;0;0;0;1;0;0;1;A;Applying;MC;4;B;1;Why does a balloon with helium rise;0;1.125187188;-0.07287319;0.119054953
S042222A;S042222;0;0;S07;05A;8;S;4;Restricted Use;Yes;Biology;Life Cycles, Reproduction, and Heredity;;1;0;0;0;0;0;0;0;0;0;0;0;1;A;Applying;CR;-;-;1;Life cycle stage monarch grows;0;1.346435179;-2.921442595;0.009421447
S042222B;S042222;0;0;S07;05B;8;S;4;Restricted Use;Yes;Biology;Life Cycles, Reproduction, and Heredity;;1;0;0;0;0;0;0;0;0;0;0;0;1;A;Applying;CR;-;-;1;Life cycle stage monarch develops;0;0.809925328;-0.981308488;0.023267077
S042222C;S042222;0;0;S07;05C;8;S;4;Restricted Use;Yes;Biology;Diversity, Adaptation, and Natural Selection;;1;0;0;0;0;0;0;0;0;0;0;0;1;A;Applying;MC;4;B;1;Advantage for viceroy butterfly;0;1.512410144;0.655780028;0.465833622
S042228A;S042228;0;0;S05;08A;8;S;4;Restricted Use;Yes;Chemistry;Properties of Matter;;0;0;0;0;0;1;0;0;0;0;0;0;2;A;Reasoning;CR;-;-;1;Volume of the neck chain;0;2.094705145;-2.33836565;0.030303802
S042228B;S042228;0;0;S05;08B;8;S;4;Restricted Use;Yes;Chemistry;Properties of Matter;;0;0;0;0;0;1;0;0;0;0;0;0;2;A;Reasoning;CR;-;-;1;Complete table 3 with percent gold;0;0.908435027;1.750844549;0.01892835
S042228C;S042228;0;0;S05;08C;8;S;4;Restricted Use;Yes;Chemistry;Properties of Matter;;0;0;0;1;0;0;0;0;0;0;0;0;2;A;Applying;CR;-;-;1;Neck chain with most gold;0;0.690289252;-0.179755977;0.003207989
S042257;;0;0;S05;14;8;S;4;Restricted Use;Yes;Earth Science;Earth in the Solar System and the Universe;;0;0;0;0;0;0;0;1;0;0;0;0;1;C;Knowing;MC;4;B;1;What causes the phases of the moon;0;0.800440711;-1.655643706;0.321171451
S042258;;0;0;S01;01;8;S;4;Restricted Use;Yes;Biology;Characteristics and Life Processes of Organisms;;1;0;0;0;0;0;0;0;0;0;0;0;2;C;Applying;MC;4;C;1;Function lungs-skin-kidneys share;0;1.453848103;0.0106983;0.293019153
S042273;;0;0;S07;12;8;S;4;Restricted Use;Yes;Physics;Light and Sound;;0;0;0;0;0;0;0;0;0;1;0;0;1;A;Applying;CR;-;-;1;Seeing lightning & hearing thunder;0;1.231303377;-0.284504936;0.008390911
S042280;;0;0;S07;07;8;S;4;Restricted Use;Yes;Physics;Light and Sound;;0;0;0;0;0;0;0;0;0;0;0;1;2;B;Reasoning;MC;4;D;1;Relative speed of sound;0;1.073904251;0.633323353;0.00822954
S042293B;;0;0;S01;10B;8;S;4;Restricted Use;Yes;Physics;Forces and Motion;;0;0;0;0;0;0;0;0;0;0;0;1;3;C;Reasoning;CR;-;-;1;Ball bouncing up again;0;1.066615647;-2.640415259;0.005548092
S042300A;S042300;0;0;S01;04A;8;S;4;Restricted Use;Yes;Biology;Ecosystems;;1;0;0;0;0;0;0;0;0;0;0;0;2;A;Applying;CR;-;-;1;O2-CO2 release-removal: animals;0;2.616222269;-0.298683004;0.063176239
S042300C;S042300;0;0;S01;04C;8;S;4;Restricted Use;Yes;Biology;Ecosystems;;1;0;0;0;0;0;0;0;0;0;0;0;2;A;Applying;CR;-;-;1;O2-CO2 release-removal: photosyn.;0;1.832012762;-0.729547283;0.14877496
S042301;;0;0;S07;13;8;S;4;Restricted Use;Yes;Earth Science;Earth's Processes, Cycles, and History;;0;0;0;0;0;0;0;1;0;0;0;0;1;B;Knowing;CR;-;-;1;What causes an earthquake;0;0.889663678;-0.017729912;0.007794838
S042309;;0;0;S05;04;8;S;4;Restricted Use;Yes;Biology;Diversity, Adaptation, and Natural Selection;;1;0;0;0;0;0;0;0;0;0;0;0;1;A;Applying;MC;4;D;1;Giraffes with short and long necks;0;0.769541817;-2.72156987;0.462038454
S042312;;0;0;S07;14;8;S;4;Restricted Use;Yes;Earth Science;Earth in the Solar System and the Universe;;0;0;0;0;0;0;0;1;0;0;0;0;1;A;Knowing;MC;4;C;1;What rotation of Earth causes;0;0.736447535;-0.071644685;0.444721845
S042319;;0;0;S01;05;8;S;4;Restricted Use;Yes;Biology;Life Cycles, Reproduction, and Heredity;;0;0;1;0;0;0;0;0;0;0;0;0;1;B;Reasoning;CR;-;-;1;Designing plant growth experiment;0;1.549898226;-1.82798665;0.000910596
S042400;;0;0;S01;12;8;S;4;Restricted Use;Yes;Physics;Energy Transformation and Transfer;;0;0;0;0;0;0;0;0;0;1;0;0;2;C;Applying;CR;-;-;1;Wood/metal container to keep ice;0;1.004527889;-1.023857619;0.001285516
S042402;;0;0;S05;07;8;S;4;Restricted Use;Yes;Physics;Energy Transformation and Transfer;;0;0;0;0;0;0;0;0;0;1;0;0;2;A;Applying;CR;-;-;1;Heat flow in metal cubes;0;1.025278898;-1.97910706;0.023176736
S042406;;0;0;S07;16;8;S;4;Restricted Use;Yes;Earth Science;Earth's Structure and Physical Features;;0;0;0;0;0;0;1;0;0;0;0;0;1;D;Applying;CR;-;-;1;Direction river flows;0;0.986568272;-0.946540911;0.025936974
S042408;;0;0;S05;02;8;S;4;Restricted Use;Yes;Biology;Ecosystems;;1;0;0;0;0;0;0;0;0;0;0;0;3;B;Applying;CR;-;-;1;Birds can't survive without plants;0;0.824017096;-1.683662835;0.096723314
S052012;;0;1;S01;03;8;S;5;Restricted Use;Yes;Biology;Ecosystems;;0;1;0;0;0;0;0;0;0;0;0;0;1B;;Knowing;MC;4;B;1;How decomposers get energy;0;1.710188839;-0.177527711;0.249061469
S052015D;S052015;0;1;S07;05D;8;S;5;Restricted Use;No;Chemistry;Composition of Matter;;0;0;0;1;0;0;0;0;0;0;0;0;2A;;Applying;MC;2;B;1;Symbols represent elements: NH3 ;0;1.716961644;2.126258807;0.063517998
S052015E;S052015;0;1;S07;05E;8;S;5;Restricted Use;No;Chemistry;Composition of Matter;;0;0;0;1;0;0;0;0;0;0;0;0;2A;;Applying;MC;2;B;1;Symbols represent elements: CH4 ;0;1.796067264;2.415043035;0.002037372
S052015F;S052015;0;1;S07;05F;8;S;5;Restricted Use;No;Chemistry;Composition of Matter;;0;0;0;1;0;0;0;0;0;0;0;0;2A;;Applying;MC;2;A;1;Symbols represent elements: Mg ;0;1.684221446;2.034260042;0.001993978
S052021;;0;1;S01;04;8;S;5;Restricted Use;Yes;Biology;Ecosystems;;0;0;1;0;0;0;0;0;0;0;0;0;3A;;Reasoning;CR;–;–;1;Organism that competes with humans;0;1.522952694;-1.791701089;0.013607414
S052028;;0;1;S07;09;8;S;5;Restricted Use;Yes;Physics;Electricity and Magnetism;;0;0;0;0;0;0;0;0;0;1;0;0;2B;;Applying;MC;4;A;1;Electromagnet attracting needles;0;1.335990668;-2.092905453;0.31286706
S052038;;0;1;S07;12;8;S;5;Restricted Use;Yes;Earth Science;Earth's Processes, Cycles, and History;;0;0;0;0;0;0;0;1;0;0;0;0;2A;;Knowing;MC;4;C;1;Energy for water cycle;0;1.460697792;-1.140432718;0.3964799
S052043A;S052043;0;0;S03;07A;8;S;5;Restricted Use;No;Chemistry;Properties of Matter;;0;0;0;1;0;0;0;0;0;0;0;0;4;C;Applying;MC;2;B;1;1:Neutralizing wasp venom: water;0;1.200791479;2.332443135;0.006622517
S052043B;S052043;0;0;S03;07B;8;S;5;Restricted Use;No;Chemistry;Properties of Matter;;0;0;0;1;0;0;0;0;0;0;0;0;4;C;Applying;MC;2;A;1;2:Neutralizing wasp venom: lemon juice;0;0.61736914;0.98447516;0.018598123
S052043C;S052043;0;0;S03;07C;8;S;5;Restricted Use;No;Chemistry;Properties of Matter;;0;0;0;1;0;0;0;0;0;0;0;0;4;C;Applying;MC;2;A;1;3:Neutralizing wasp venom: vinegar;0;0.270460663;0.411720078;0.134651164
S052051;;0;1;S07;06;8;S;5;Restricted Use;Yes;Chemistry;Properties of Matter;;0;0;0;0;0;1;0;0;0;0;0;0;2A;;Reasoning;CR;–;–;1;Is element metal or nonmetal;0;0.956345378;-1.452151939;0.039711186
S052054;;0;1;S01;07;8;S;5;Restricted Use;Yes;Chemistry;Properties of Matter;;0;0;0;1;0;0;0;0;0;0;0;0;3B;;Applying;CR;–;–;1;Why Solution 2 is paler than 1;0;1.027766354;1.162089508;0.004994537
S052063;;0;0;S06;09;8;S;5;Restricted Use;Yes;Chemistry;Chemical Change;;0;0;0;0;1;0;0;0;0;0;0;0;2;B;Knowing;MC;4;C;1;Chemical process releases energy;0;1.405082342;-1.679552594;0.487449994
S052071;;0;0;S06;02;8;S;5;Restricted Use;Yes;Biology;Characteristics and Life Processes of Organisms;;1;0;0;0;0;0;0;0;0;0;0;0;3;A;Applying;MC;4;C;1;Birds puff up feathers in cold ;0;1.199235724;-0.605998954;0.108274662
S052076;;0;1;S05;01;8;S;5;Restricted Use;Yes;Biology;Human Health;;0;1;0;0;0;0;0;0;0;0;0;0;2B;;Knowing;MC;4;A;1;Best source of carbohydrates;0;0.5546257;0.328609753;0.012990451
S052085A;S052085;0;1;S05;03A;8;S;5;Restricted Use;Yes;Biology;Diversity, Adaptation, and Natural Selection;;0;0;1;0;0;0;0;0;0;0;0;0;1B;;Reasoning;CR;–;–;1;Crocodile facts: Why well suited;0;1.097278368;-1.428139287;0.000436814
S052085B;S052085;0;1;S05;03B;8;S;5;Restricted Use;Yes;Biology;Diversity, Adaptation, and Natural Selection;;0;0;1;0;0;0;0;0;0;0;0;0;1A;;Reasoning;CR;–;–;1;Crocodile facts: Advantage vision;0;0.927203644;1.298552648;0.009456681
S052090A;;0;1;S07;01A;8;S;5;Restricted Use;Yes;Biology;Human Health;;0;1;0;0;0;0;0;0;0;0;0;0;1A;;Knowing;MC;4;A;1;Influenza: Cause ;0;0.098600556;0.594647951;0.11786959
S052092A;S052092;0;0;S03;02A;8;S;5;Restricted Use;No;Biology;Characteristics and Life Processes of Organisms;;0;1;0;0;0;0;0;0;0;0;0;0;1;A;Knowing;CR;-;-;1;Features of animal groups: mammals;0;0.768998101;1.33234523;0.007202229
S052092B;S052092;0;0;S03;02B;8;S;5;Restricted Use;No;Biology;Characteristics and Life Processes of Organisms;;0;1;0;0;0;0;0;0;0;0;0;0;1;A;Knowing;CR;-;-;1;Features of animal groups: amphibians;0;0.390899501;-1.023135069;0.082681253
S052092C;S052092;0;0;S03;02C;8;S;5;Restricted Use;No;Biology;Characteristics and Life Processes of Organisms;;0;1;0;0;0;0;0;0;0;0;0;0;1;A;Knowing;CR;-;-;1;Features of animal groups: fish;0;0.552292987;-0.174905801;0.004293879
S052092D;S052092;0;0;S03;02D;8;S;5;Restricted Use;No;Biology;Characteristics and Life Processes of Organisms;;0;1;0;0;0;0;0;0;0;0;0;0;1;A;Knowing;CR;-;-;1;Features of animal groups: birds;0;0.926446329;1.447863055;0.007334905
S052094;;0;1;S05;04;8;S;5;Restricted Use;Yes;Biology;Life Cycles, Reproduction, and Heredity;;1;0;0;0;0;0;0;0;0;0;0;0;1A;;Applying;CR;–;–;1;Similarity between bird and frog;0;0.764438636;-0.590818732;0.004308614
S052095C;S052095;0;1;S01;05C;8;S;5;Restricted Use;No;Biology;Ecosystems;;1;0;0;0;0;0;0;0;0;0;0;0;3A;;Applying;MC;2;B;1;Garden with bird feeder: cat+mouse;0;0.947926311;2.12121351;0.015904568
S052095D;S052095;0;1;S01;05D;8;S;5;Restricted Use;No;Biology;Ecosystems;;1;0;0;0;0;0;0;0;0;0;0;0;3A;;Applying;MC;2;A;1;Garden with bird feeder: mouse+birds;0;0.819326206;1.569032465;0.023837439
S052096;;0;0;S06;13;8;S;5;Restricted Use;Yes;Earth Science;Earth's Resources, Their Use and Conservation;;0;0;0;0;0;0;0;1;0;0;0;0;1;A;Knowing;MC;4;A;1;Non-renewable energy source;0;1.476692074;2.074960273;0.031650077
S052099;;0;1;S07;13;8;S;5;Restricted Use;Yes;Earth Science;Earth's Resources, Their Use and Conservation;;0;0;0;0;0;0;1;0;0;0;0;0;1C;;Applying;CR;–;–;1;Trees protect soil from erosion;0;1.294464252;-0.935163705;0.177631856
S052101;;0;1;S05;12;8;S;5;Restricted Use;Yes;Earth Science;Earth's Structure and Physical Features;;0;0;0;0;0;0;0;0;1;0;0;0;1A;;Reasoning;CR;–;–;1;Information from volcanic eruption;0;0.44898084;-0.986013686;0.063133145
S052107;;0;1;S05;14;8;S;5;Restricted Use;Yes;Earth Science;Earth in the Solar System and the Universe;;0;0;0;0;0;0;1;0;0;0;0;0;1A;;Applying;MC;4;C;1;Constellation below horizon;0;1.141646001;-1.161048748;0.189869208
S052110;;0;0;S06;15;8;S;5;Restricted Use;Yes;Earth Science;Earth in the Solar System and the Universe;;0;0;0;0;0;0;1;0;0;0;0;0;2;A;Applying;CR;-;-;1;Weight less on Moon than Earth;0;1.582001909;-2.063816619;0.057267929
S052112A;S052112;0;1;S01;11A;8;S;5;Restricted Use;Yes;Earth Science;Earth in the Solar System and the Universe;;0;0;0;0;0;0;1;0;0;0;0;0;2B;;Applying;MC;4;D;1;Planets: Shortest day length;0;0.792466461;0.557525733;0.157116274
S052112B;S052112;0;1;S01;11B;8;S;5;Restricted Use;Yes;Earth Science;Earth in the Solar System and the Universe;;0;0;0;0;0;0;0;0;1;0;0;0;2B;;Reasoning;CR;–;–;1;Planets: Distance from Sun ;0;1.034143262;-0.537256244;0.001228303
S052113;;0;1;S05;13;8;S;5;Restricted Use;Yes;Earth Science;Earth's Processes, Cycles, and History;;0;0;0;0;0;0;1;0;0;0;0;0;3B;;Applying;MC;4;A;1;Climate of city near Equator;0;1.129231642;0.186736157;0.081833961
S052118;;0;1;S07;14;8;S;5;Restricted Use;Yes;Earth Science;Earth in the Solar System and the Universe;;0;0;0;0;0;0;0;0;1;0;0;0;2B;;Reasoning;CR;–;–;1;Claim that moon travels around Sun;0;1.958910207;-2.06706379;0.083060457
S052125;;0;0;S06;06;8;S;5;Restricted Use;Yes;Biology;Characteristics and Life Processes of Organisms;;1;0;0;0;0;0;0;0;0;0;0;0;2;A;Applying;MC;4;D;1;Body parts as organ systems;0;1.528491064;0.70110874;0.450462102
S052130;;0;1;S07;08;8;S;5;Restricted Use;Yes;Physics;Physical States and Changes in Matter;;0;0;0;0;0;0;0;0;0;0;1;0;1B;;Knowing;MC;4;D;1;Gas inside ping-pong ball;0;0.671535878;-1.163785701;0.170389331
S052141;;0;0;S06;12;8;S;5;Restricted Use;Yes;Physics;Forces and Motion;;0;0;0;0;0;0;0;0;0;1;0;0;2;B;Applying;CR;-;-;1;Pressure from wooden block;0;1.381443086;-1.312770328;0.000891158
S052144;;0;1;S05;09;8;S;5;Restricted Use;Yes;Physics;Physical States and Changes in Matter;;0;0;0;0;0;0;0;0;0;0;1;0;1A;;Knowing;MC;4;D;1;Easy to compress gases;0;1.518086828;-1.0614745;0.229324923
S052145;;0;0;S06;07;8;S;5;Restricted Use;Yes;Chemistry;Properties of Matter;;0;0;0;0;0;1;0;0;0;0;0;0;1;B;Reasoning;CR;-;-;1;State of water, mercury, iron;0;1.374455765;-0.151338973;0.011071797
S052146;;0;1;S05;06;8;S;5;Restricted Use;Yes;Physics;Motion and Forces;;0;0;0;0;0;0;0;0;0;1;0;0;3B;;Applying;CR;–;–;1;Density of corn oil and aluminum;0;1.493943475;-1.386217455;0.101585741
S052150;;0;1;S01;08;8;S;5;Restricted Use;Yes;Physics;Physical States and Changes in Matter;;0;0;0;0;0;0;0;0;0;0;1;0;3A;;Knowing;MC;4;D;1;Which is a physical change;0;0.695522782;-2.281324427;0.289227486
S052179;;0;0;S03;09;8;S;5;Restricted Use;Yes;Physics;Energy Transformation and Transfer;;0;0;0;0;0;0;0;0;0;1;0;0;2;C;Applying;MC;4;B;1;Temperature of three containers;0;1.024337746;-1.452246816;0.254237294
S052189;;0;1;S07;10;8;S;5;Restricted Use;Yes;Chemistry;Properties of Matter;;0;0;0;0;0;1;0;0;0;0;0;0;3C;;Reasoning;CR;–;–;1;Paint chip in test tubes;0;1.452415485;-1.175315294;0.161820744
S052192;;0;0;S06;10;8;S;5;Restricted Use;Yes;Physics;Light and Sound;;0;0;0;0;0;0;0;0;0;0;0;1;1;C;Reasoning;MC;4;A;1;Mirror behind screen;0;1.535787421;0.34044403;0.022146534
S052194;;0;0;S03;08;8;S;5;Restricted Use;Yes;Physics;Physical States and Changes in Matter;;0;0;0;0;0;0;0;0;0;0;0;1;1;A;Reasoning;MC;4;C;1;Particles in Samples X and Y;0;0.913748215;-0.185259982;0.11737486
S052206;;0;1;S01;10;8;S;5;Restricted Use;Yes;Physics;Electricity and Magnetism;;0;0;0;0;0;0;0;0;0;0;1;0;2A;;Knowing;MC;4;A;1;Two bar magnets repelling ;0;1.105870914;-0.040766561;0.074739823
S052214;;0;1;S05;10;8;S;5;Restricted Use;Yes;Physics;Motion and Forces;;0;0;0;0;0;0;0;0;0;0;0;1;3B;;Reasoning;CR;–;–;1;Recognize liquids from density;0;1.625623173;-1.201839177;0.224107579
S052217;;0;1;S07;11;8;S;5;Restricted Use;Yes;Physics;Motion and Forces;;0;0;0;0;0;0;0;0;0;1;0;0;3C;;Applying;MC;4;B;1;Water pressure on fish;0;1.093099479;-2.960204643;0.408939739
S052232;;0;0;S06;11;8;S;5;Restricted Use;Yes;Physics;Forces and Motion;;0;0;0;0;0;0;0;0;0;0;0;1;3;B;Reasoning;MC;4;D;1;Bell on Rami's bike;0;0.893987712;-0.080843773;0.016519425
S052233;;0;0;S03;10;8;S;5;Restricted Use;Yes;Physics;Forces and Motion;;0;0;0;0;0;0;0;0;0;0;0;1;1;A;Reasoning;CR;-;-;1;Object X floating in Liquids A,B,C;0;0.759795553;-1.790134787;0.004016951
S052243A;S052243;0;1;S01;09A;8;S;5;Restricted Use;Yes;Physics;Electricity and Magnetism;;0;0;0;0;0;0;0;0;0;0;0;1;1B;;Reasoning;CR;–;–;1;Model flashlight: Bulb won't light;0;0.381062899;-0.205630275;0.014554274
S052243B;S052243;0;1;S01;09B;8;S;5;Restricted Use;Yes;Physics;Electricity and Magnetism;;0;0;0;0;0;0;0;0;0;1;0;0;1B;;Applying;CR;–;–;1;Model flashlight: 2 parallel bulbs;0;0.799834478;-0.182615325;0.002516369
S052243C;S052243;0;1;S01;09C;8;S;5;Restricted Use;Yes;Physics;Electricity and Magnetism;;0;0;0;0;0;0;0;0;0;0;0;1;1B;;Reasoning;MC;4;C;1;Model flashlights: Comparison ;0;0.578560613;-0.063862187;0.003618582
S052246;;0;0;S06;03;8;S;5;Restricted Use;Yes;Biology;Diversity, Adaptation, and Natural Selection;;1;0;0;0;0;0;0;0;0;0;0;0;2;B;Applying;MC;4;A;1;Limbs from different organisms;0;0.626462161;0.685319898;0.03088465
S052248;;0;1;S05;05;8;S;5;Restricted Use;Yes;Biology;Diversity, Adaptation, and Natural Selection;;1;0;0;0;0;0;0;0;0;0;0;0;1A;;Applying;MC;4;B;1;Cavefish with no eyes;0;1.352257749;-1.533040945;0.394338656
S052256;;0;0;S03;06;8;S;5;Restricted Use;Yes;Chemistry;Properties of Matter;;0;0;0;1;0;0;0;0;0;0;0;0;3;B;Applying;MC;4;D;1;Cause distilled water taste;0;1.718224629;-1.421871336;0.239026253
S052261;;0;0;S03;01;8;S;5;Restricted Use;Yes;Biology;Characteristics and Life Processes of Organisms;;0;1;0;0;0;0;0;0;0;0;0;0;3;A;Knowing;MC;4;B;1;Why people shiver when cold;0;0.66670337;0.478858222;0.091882718
S052262;;0;1;S07;02;8;S;5;Restricted Use;Yes;Biology;Characteristics and Life Processes of Organisms;;1;0;0;0;0;0;0;0;0;0;0;0;2C;;Applying;MC;4;A;1;Biceps and triceps ;0;0.755302904;-0.554396381;0.260369616
S052263A;S052263;0;0;S03;03A;8;S;5;Restricted Use;Yes;Biology;Cells and Their Functions;;0;0;1;0;0;0;0;0;0;0;0;0;2;B;Reasoning;CR;-;-;1;Cellular respiration: tubes 1 & 2;0;1.428454851;-1.9663254;0.001655568
S052263B;S052263;0;0;S03;03B;8;S;5;Restricted Use;Yes;Biology;Cells and Their Functions;;0;0;1;0;0;0;0;0;0;0;0;0;2;B;Reasoning;CR;-;-;1;Cellular respiration: tube 4;0;2.013439119;-2.084925338;0.043623471
S052265;;0;0;S03;04;8;S;5;Restricted Use;Yes;Biology;Life Cycles, Reproduction, and Heredity;;1;0;0;0;0;0;0;0;0;0;0;0;2;B;Applying;CR;-;-;1;Manx cats bred together;0;1.134831947;-1.976873181;0.00050306
S052267;;0;1;S07;03;8;S;5;Restricted Use;Yes;Biology;Life Cycles, Reproduction, and Heredity;;0;1;0;0;0;0;0;0;0;0;0;0;2C;;Knowing;MC;4;C;1;Acquired characteristics;0;1.136017892;-2.52988504;0.225741082
S052272;;0;1;S05;02;8;S;5;Restricted Use;Yes;Biology;Ecosystems;;0;0;1;0;0;0;0;0;0;0;0;0;4B;;Reasoning;CR;–;–;1;Trout and frog populations;0;1.081623413;1.10534585;0.002160963
S052276;;0;0;S06;04;8;S;5;Restricted Use;Yes;Biology;Human Health;;0;1;0;0;0;0;0;0;0;0;0;0;2;B;Knowing;MC;4;D;1;Good source of calcium;0;0.797806002;1.253370522;0.007219851
S052280;;0;0;S03;05;8;S;5;Restricted Use;Yes;Chemistry;Properties of Matter;;0;0;0;0;1;0;0;0;0;0;0;0;2;B;Knowing;MC;4;A;1;Property of nonmetals;0;0.782037789;0.035049752;0.119192025
S052282;;0;1;S05;07;8;S;5;Restricted Use;Yes;Chemistry;Properties of Matter;;0;0;0;0;1;0;0;0;0;0;0;0;4B;;Knowing;MC;4;C;1;Property of acid and base;0;0.724267377;-0.70299415;0.157860456
S052289A;S052289;0;0;S03;12A;8;S;5;Restricted Use;Yes;Earth Science;Earth's Structure and Physical Features;;0;0;0;0;0;0;1;0;0;0;0;0;1;D;Applying;MC;4;C;1;Artesian water:  Moving up pipe;0;1.250002192;2.581557314;0.187215662
S052289B;S052289;0;0;S03;12B;8;S;5;Restricted Use;Yes;Earth Science;Earth's Structure and Physical Features;;0;0;0;0;0;0;1;0;0;0;0;0;1;D;Applying;MC;4;A;1;Artesian water: Difference in flow;0;0.720529566;-0.098719432;0.067914765
S052289C;S052289;0;0;S03;12C;8;S;5;Restricted Use;Yes;Earth Science;Earth's Structure and Physical Features;;0;0;0;0;0;0;1;0;0;0;0;0;1;D;Applying;CR;-;-;1;Artesian water: Temperature;0;0.834167747;-0.803872565;0.002956198
S052294;;0;1;S01;12;8;S;5;Restricted Use;Yes;Earth Science;Earth's Structure and Physical Features;;0;0;0;0;0;0;0;1;0;0;0;0;2B;;Knowing;MC;4;A;1;Temperature outside an airplane;0;0.964196556;1.18840188;0.039191862
S052299;;0;1;S05;08;8;S;5;Restricted Use;Yes;Chemistry;Chemical Change;;0;0;0;0;1;0;0;0;0;0;0;0;1C;;Knowing;MC;4;B;1;Process that makes statue dark;0;1.295205418;1.910684949;0.010072225
S052303A;S052303;0;0;S06;05A;8;S;5;Restricted Use;Yes;Biology;Ecosystems;;1;0;0;0;0;0;0;0;0;0;0;0;3;B;Applying;MC;4;B;1;Pond: Fish eat mosquito larvae;0;0.259436613;0.596432598;0.036768348
S052303B;S052303;0;0;S06;05B;8;S;5;Restricted Use;Yes;Biology;Ecosystems;;0;0;1;0;0;0;0;0;0;0;0;0;4;B;Reasoning;CR;-;-;1;Pond: Adding more fish ;0;0.78533949;-0.520167629;0.002687397
S062004;;0;1;S06;11;8;S;6;Restricted Use;Yes;Chemistry;Composition of Matter;;0;0;0;0;1;0;0;0;0;0;0;0;1B;;Knowing;MC;4;B;1;Block pounded into flat sheet;0;2.123295886;-2.302034137;0.214813403
S062005;;0;1;S06;09;8;S;6;Restricted Use;Yes;Physics;Physical States and Changes in Matter;;0;0;0;0;0;0;0;0;0;1;0;0;1A;;Applying;CR;–;–;1;Syringes with solid and air;0;1.738515225;-1.466771555;0.046462814
S062007;;0;1;S03;02;8;S;6;Restricted Use;Yes;Chemistry;Composition of Matter;;0;0;0;1;0;0;0;0;0;0;0;0;1B;;Applying;MC;4;D;1;Models of carbon dioxide;0;0.988315309;-0.188863389;0.003118099
S062010A;S062010;0;1;S02;05A;8;S;6;Restricted Use;No;Chemistry;Properties of Matter;;0;0;0;0;1;0;0;0;0;0;0;0;1;A;Knowing;MC;2;B;1;Physical or chemical property: reactivity;0;0.856188811;-0.616301314;0.283994226
S062010B;S062010;0;1;S02;05B;8;S;6;Restricted Use;No;Chemistry;Properties of Matter;;0;0;0;0;1;0;0;0;0;0;0;0;1;A;Knowing;MC;2;A;1;Physical or chemical property: boiling pt;0;0.71952755;-0.067203381;0.120455195
S062010C;S062010;0;1;S02;05C;8;S;6;Restricted Use;No;Chemistry;Properties of Matter;;0;0;0;0;1;0;0;0;0;0;0;0;1;A;Knowing;MC;2;B;1;Physical or chemical property: acidity;0;0.927789198;1.49068029;0.131700916
S062010D;S062010;0;1;S02;05D;8;S;6;Restricted Use;No;Chemistry;Properties of Matter;;0;0;0;0;1;0;0;0;0;0;0;0;1;A;Knowing;MC;2;A;1;Physical or chemical property: density;0;0.429591606;1.351721257;0.02978851
S062018B;S062018;0;1;S09;08B;8;S;6;Secured;No;Chemistry;Composition of Matter;;0;0;0;0;1;0;0;0;0;0;0;0;2A;;Knowing;MC;3;A;1;Element, compound, mixture: iron;0;2.183757792;-1.872153024;0.461313353
S062018E;S062018;0;1;S09;08E;8;S;6;Secured;No;Chemistry;Composition of Matter;;0;0;0;0;1;0;0;0;0;0;0;0;2A;;Knowing;MC;3;A;1;Element, compound, mixture: cobalt;0;1.61934563;-2.735314272;0.264878112
S062022C;S062022;0;1;S013;14C;8;S;6;Secured;No;Earth Science;Earth's Structure and Physical Features;;0;0;0;0;0;0;0;1;0;0;0;0;1B;;Knowing;MC;2;A;1;Fresh water or salt water: river;0;0.929116687;2.358950092;0.012743606
S062024A;S062024;0;1;S09;14A;8;S;6;Secured;Yes;Earth Science;Earth's Processes, Cycles, and History;;0;0;0;0;0;0;0;1;0;0;0;0;1B;;Knowing;MC;4;A;1;Forming layered rock;0;1.065741328;-0.519572189;0.184781625
S062024B;S062024;0;1;S09;14B;8;S;6;Secured;Yes;Earth Science;Earth's Processes, Cycles, and History;;0;0;0;0;0;0;1;0;0;0;0;0;1B;;Applying;CR;–;–;1;Shaping rock formations;0;1.225464018;-2.506600623;0.066401809
S062033;;0;1;S011;13;8;S;6;Secured;Yes;Physics;Physical States and Changes in Matter;;0;0;0;0;0;0;0;0;0;0;0;1;1A;;Reasoning;CR;–;–;1;Pressure applied to pistons;0;1.550569368;-1.988031358;0.059788704
S062035;;0;1;S03;08;8;S;6;Restricted Use;Yes;Physics;Energy Transformation and Transfer;;0;0;0;0;0;0;0;0;0;0;1;0;2A;;Knowing;MC;4;C;1;Heating water on a stove;0;0.554017341;-1.25939584;0.054039804
S062037;;0;1;S011;14;8;S;6;Secured;Yes;Physics;Energy Transformation and Transfer;;0;0;0;0;0;0;0;0;0;1;0;0;1B;;Applying;MC;4;A;1;Toy car powered by battery;0;0.703464286;-0.250354827;0.184085188
S062042A;S062042;0;1;S013;08A;8;S;6;Secured;No;Physics;Electricity and Magnetism;;0;0;0;0;0;0;0;0;0;1;0;0;1A;;Applying;MC;2;A;1;Parts of incandescent light bulb - filament;0;1.395549157;2.885963743;0.069544484
S062042B;S062042;0;1;S013;08B;8;S;6;Secured;No;Physics;Electricity and Magnetism;;0;0;0;0;0;0;0;0;0;1;0;0;1A;;Applying;MC;2;B;1;Parts of incandescent light bulb - bulb;0;1.64197534;2.266655972;0.375512249
S062042C;S062042;0;1;S013;08C;8;S;6;Secured;No;Physics;Electricity and Magnetism;;0;0;0;0;0;0;0;0;0;1;0;0;1A;;Applying;MC;2;B;1;Parts of incandescent light bulb - mount;0;0.596142924;-0.348425149;0.338208747
S062042D;S062042;0;1;S013;08D;8;S;6;Secured;No;Physics;Electricity and Magnetism;;0;0;0;0;0;0;0;0;0;1;0;0;1A;;Applying;MC;2;A;1;Parts of incandescent light bulb - base;0;0.683615468;0.301943973;0.406753945
S062044;;0;1;S02;08;8;S;6;Restricted Use;Yes;Physics;Energy Transformation and Transfer;;0;0;0;0;0;0;0;0;0;0;0;1;2;A;Reasoning;MC;4;D;1;Metal rods in basin of water;0;0.572137348;-1.151280282;0.005204537
S062046;;0;1;S02;09;8;S;6;Restricted Use;Yes;Physics;Electricity and Magnetism;;0;0;0;0;0;0;0;0;0;0;0;1;2;A;Reasoning;CR;-;-;1;Two magnets pick up paper clips;0;0.998264506;0.540587363;0.00255833
S062050;;0;1;S09;11;8;S;6;Secured;Yes;Chemistry;Properties of Matter;;0;0;0;0;0;1;0;0;0;0;0;0;4A;;Reasoning;CR;–;–;1;Cabbage juice pH indicators;0;1.047777949;-1.777636751;0.000580642
S062051;;0;1;S02;07;8;S;6;Restricted Use;Yes;Chemistry;Properties of Matter;;0;0;0;1;0;0;0;0;0;0;0;0;4;A;Applying;CR;-;-;1;Color of solution with pH indicator;0;0.803681579;-0.553869278;0.00271685
S062056;;0;1;S013;11;8;S;6;Secured;Yes;Chemistry;Chemical Change;;0;0;0;0;0;1;0;0;0;0;0;0;1B;;Reasoning;CR;–;–;1;Mary has a light stick;0;1.242124922;-0.999094227;0.000603156
S062064;;0;1;S09;04;8;S;6;Secured;Yes;Biology;Characteristics and Life Processes of Organisms;;0;0;1;0;0;0;0;0;0;0;0;0;2B;;Reasoning;CR;–;–;1;Bones of a bird are hollow;0;1.030840182;1.298434114;0.384221607
S062067;;0;1;S011;07;8;S;6;Secured;Yes;Chemistry;Properties of Matter;;0;0;0;0;0;1;0;0;0;0;0;0;3C;;Reasoning;CR;–;–;1;Rate of sugar dissolving ;0;0.654522108;-0.39241807;0.00185004
S062075;;0;1;S06;10;8;S;6;Restricted Use;Yes;Chemistry;Chemical Change;;0;0;0;0;0;1;0;0;0;0;0;0;2A;;Reasoning;MC;4;D;1;Hugo's chemical reaction;0;1.145919574;-1.880646366;0.445535584
S062089;;0;1;S011;05;8;S;6;Secured;Yes;Biology;Ecosystems;;0;1;0;0;0;0;0;0;0;0;0;0;3C;;Knowing;MC;4;D;1;Symbiosis between two organisms;0;1.642052799;-2.535275056;0.089224163
S062090;;0;1;S06;01;8;S;6;Restricted Use;Yes;Earth Science;Earth's Processes, Cycles, and History;;0;0;0;0;0;0;0;1;0;0;0;0;2A;;Knowing;MC;4;C;1;Water cycle in forest ecosystem;0;0.176211246;-1.126869381;0.0119858
S062091A;S062091;0;1;S013;01A;8;S;6;Secured;Yes;Biology;Ecosystems;;1;0;0;0;0;0;0;0;0;0;0;0;1A;;Applying;MC;4;B;1;Producers in food web;0;0.966950344;0.993862536;0.131745143
S062091B;S062091;0;1;S013;01B;8;S;6;Secured;Yes;Biology;Ecosystems;;1;0;0;0;0;0;0;0;0;0;0;0;1A;;Applying;MC;4;C;1;Eat only plants in food web;0;1.137155159;0.795118628;0.432335939
S062094;;0;1;S02;02;8;S;6;Restricted Use;Yes;Biology;Characteristics and Life Processes of Organisms;;0;1;0;0;0;0;0;0;0;0;0;0;1;B;Knowing;MC;4;B;1;Classify animal with these features;0;0.885289051;0.329198876;0.156516941
S062097;;0;1;S013;03;8;S;6;Secured;Yes;Biology;Characteristics and Life Processes of Organisms;;0;0;1;0;0;0;0;0;0;0;0;0;3A;;Reasoning;MC;4;A;1;Kate's heart and breathing rates;0;0.719380622;0.111344988;0.130379767
S062099;;0;1;S09;01;8;S;6;Secured;Yes;Biology;Cells and Their Functions;;0;1;0;0;0;0;0;0;0;0;0;0;1A;;Knowing;MC;4;B;1;Cell development in young animals;0;0.941449472;-0.384603896;0.29685217
S062100;;0;1;S013;02;8;S;6;Secured;Yes;Biology;Cells and Their Functions;;1;0;0;0;0;0;0;0;0;0;0;0;1C;;Applying;CR;–;–;1;Cell structure of fossils;0;1.053978027;-1.085796395;0.001922138
S062101A;S062101;0;1;S013;04A;8;S;6;Secured;No;Biology;Cells and Their Functions;;0;1;0;0;0;0;0;0;0;0;0;0;1D;;Knowing;MC;4;D;1;Stomach tissue and function: connective;0;0.96096275;1.056099592;0.338901907
S062101B;S062101;0;1;S013;04B;8;S;6;Secured;No;Biology;Cells and Their Functions;;0;1;0;0;0;0;0;0;0;0;0;0;1D;;Knowing;MC;4;B;1;Stomach tissue and function: smooth muscle;0;2.280214927;-2.933252497;0.342705224
S062101C;S062101;0;1;S013;04C;8;S;6;Secured;No;Biology;Cells and Their Functions;;0;1;0;0;0;0;0;0;0;0;0;0;1D;;Knowing;MC;4;C;1;Stomach tissue and function: nervous;0;1.436186811;-0.162024858;0.329044822
S062101D;S062101;0;1;S013;04D;8;S;6;Secured;No;Biology;Cells and Their Functions;;0;1;0;0;0;0;0;0;0;0;0;0;1D;;Knowing;MC;4;A;1;Stomach tissue and function: blood;0;1.29658152;-1.173125207;0.146928129
S062103A;;0;1;S02;04A;8;S;6;Restricted Use;Yes;Biology;Cells and Their Functions;;0;0;1;0;0;0;0;0;0;0;0;0;2;A;Reasoning;MC;4;C;1;Photosynthesis and sunlight;0;1.466938954;-1.333687642;0.35150274
S062106;;0;1;S09;03;8;S;6;Secured;Yes;Biology;Life Cycles, Reproduction, and Heredity;;0;1;0;0;0;0;0;0;0;0;0;0;2A;;Knowing;MC;4;D;1;Characteristics of young rabbits ;0;0.653300276;1.385580363;0.023129465
S062112;;0;1;S011;02;8;S;6;Secured;Yes;Biology;Human Health;;1;0;0;0;0;0;0;0;0;0;0;0;1B;;Applying;CR;–;–;1;Tony gets the measles;0;0.525204121;0.769862788;0.0638361
S062116A;S062116;0;1;S03;06A;8;S;6;Restricted Use;Yes;Biology;Ecosystems;;0;0;1;0;0;0;0;0;0;0;0;0;4A;;Reasoning;CR;–;–;1;Population change years 2-3;0;1.28349316;-0.407748318;0.059658096
S062116B;S062116;0;1;S03;06B;8;S;6;Restricted Use;Yes;Biology;Ecosystems;;0;0;1;0;0;0;0;0;0;0;0;0;4B;;Reasoning;CR;–;–;1;Population change years 4-6;0;1.38943356;-1.151936459;0.00037993
S062116C;S062116;0;1;S03;06C;8;S;6;Restricted Use;Yes;Biology;Ecosystems;;0;0;1;0;0;0;0;0;0;0;0;0;4A;;Reasoning;CR;–;–;1;Species of fish best survive;0;1.140076578;-1.919079839;0.000204237
S062118;;0;1;S02;03;8;S;6;Restricted Use;Yes;Biology;Diversity, Adaptation, and Natural Selection;;1;0;0;0;0;0;0;0;0;0;0;0;1;B;Applying;CR;-;-;1;Mice living on beach advantage;0;0.806271891;0.460290566;0.201725187
S062119;;0;1;S011;03;8;S;6;Secured;Yes;Biology;Diversity, Adaptation, and Natural Selection;;0;0;1;0;0;0;0;0;0;0;0;0;2A;;Reasoning;MC;4;C;1;Fossils in rock layers;0;1.151877852;1.01550379;0.13352424
S062128;;0;1;S013;06;8;S;6;Secured;Yes;Physics;Motion and Forces;;0;0;0;0;0;0;0;0;0;1;0;0;3B;;Applying;CR;–;–;1;Densities of three liquids;0;1.104785113;-0.124586335;0.160726293
S062132;;0;1;S09;05;8;S;6;Secured;Yes;Physics;Energy Transformation and Transfer;;0;0;0;0;0;0;0;0;0;1;0;0;2B;;Applying;MC;4;C;1;Water and tea graphs;0;0.585435552;0.54400191;0.026792886
S062144;;0;1;S03;09;8;S;6;Restricted Use;Yes;Physics;Energy Transformation and Transfer;;0;0;0;0;0;0;0;0;0;1;0;0;1B;;Applying;MC;4;D;1;Energy change in sliding;0;1.031091038;-0.313868667;0.497763749
S062149;;0;1;S02;10;8;S;6;Restricted Use;Yes;Physics;Light and Sound;;0;0;0;0;0;0;0;0;0;0;1;0;1;C;Knowing;CR;-;-;1;Mirrors around a corner;0;0.4627192;-0.98535762;0.003717994
S062153;;0;1;S09;07;8;S;6;Secured;Yes;Physics;Light and Sound;;0;0;0;0;0;0;0;0;0;0;0;1;1A;;Reasoning;MC;4;C;1;Flashlight on blue ball;0;1.925618567;-1.927014419;0.314895182
S062158;;0;1;S06;07;8;S;6;Restricted Use;Yes;Physics;Light and Sound;;0;0;0;0;0;0;0;0;0;1;0;0;2A;;Applying;MC;4;B;1;Graphs of musical notes;0;1.465573638;-2.002625349;0.439873219
S062159;;0;1;S06;08;8;S;6;Restricted Use;Yes;Physics;Motion and Forces;;0;0;0;0;0;0;0;0;0;1;0;0;3D;;Applying;MC;4;D;1;Box pulled by three forces;0;1.269052899;-0.184600169;0.248564856
S062162;;0;1;S03;10;8;S;6;Restricted Use;Yes;Physics;Motion and Forces;;0;0;0;0;0;0;0;0;0;1;0;0;3A;;Applying;CR;–;–;1;Moving box onto truck;0;1.370933324;-1.150026984;0.059762141
S062163;;0;1;S09;06;8;S;6;Secured;Yes;Physics;Motion and Forces;;0;0;0;0;0;0;0;0;0;0;0;1;3C;;Reasoning;CR;–;–;1;Truck sank into the mud;0;1.553134492;-2.871471143;0.011463911
S062171;;0;1;S03;13;8;S;6;Restricted Use;Yes;Earth Science;Earth's Processes, Cycles, and History;;0;0;0;0;0;0;0;1;0;0;0;0;2B;;Knowing;MC;4;C;1;Mountain range at edge of ocean;0;0.293220572;0.195870524;0.020093401
S062173B;;0;1;S06;13B;8;S;6;Restricted Use;Yes;Earth Science;Earth's Processes, Cycles, and History;;0;0;0;0;0;0;0;0;1;0;0;0;3C;;Reasoning;MC;4;A;1;Climate and geography;0;1.332928582;-0.93510031;0.196461876
S062175;;0;1;S06;12;8;S;6;Restricted Use;Yes;Earth Science;Earth's Resources, Their Use and Conservation;;0;0;0;0;0;0;0;0;1;0;0;0;1B;;Reasoning;CR;–;–;1;Power plant geographic factor;0;0.703530818;-0.366376893;0.308257751
S062177;;0;1;S011;09;8;S;6;Secured;Yes;Earth Science;Earth's Processes, Cycles, and History;;0;0;0;0;0;0;0;1;0;0;0;0;1C;;Knowing;MC;4;D;1;Formation of oil;0;0.947123603;-0.025049053;0.028950416
S062180;;0;1;S013;13;8;S;6;Secured;Yes;Earth Science;Earth's Processes, Cycles, and History;;0;0;0;0;0;0;1;0;0;0;0;0;3D;;Applying;MC;4;A;1;Melting permafrost;0;1.58310434;-0.534342752;0.267145023
S062189A;S062189;0;1;S02;01A;8;S;6;Restricted Use;No;Earth Science;Earth's Resources, Their Use and Conservation;;0;0;0;0;0;0;0;1;0;0;0;0;1;C;Knowing;MC;2;A;1;Benefits of recycling paper: deforestation;0;0.668603967;1.446329072;0.406770091
S062189B;S062189;0;1;S02;01B;8;S;6;Restricted Use;No;Earth Science;Earth's Resources, Their Use and Conservation;;0;0;0;0;0;0;0;1;0;0;0;0;1;C;Knowing;MC;2;B;1;Benefits of recycling paper: oxygen;0;1.197031201;2.712393735;0.023804245
S062189E;S062189;0;1;S02;01E;8;S;6;Restricted Use;No;Earth Science;Earth's Resources, Their Use and Conservation;;0;0;0;0;0;0;0;1;0;0;0;0;1;C;Knowing;MC;2;A;1;Benefits of recycling paper: garbage;0;0.518336317;1.621606121;0.116252336
S062190;;0;1;S09;13;8;S;6;Secured;Yes;Earth Science;Earth's Resources, Their Use and Conservation;;0;0;0;0;0;0;0;1;0;0;0;0;1B;;Knowing;MC;4;D;1;Disadvantage of solar energy;0;0.931760948;0.59235168;0.009118202
S062205;;0;1;S09;12;8;S;6;Secured;Yes;Earth Science;Earth's Structure and Physical Features;;0;0;0;0;0;0;0;1;0;0;0;0;2A;;Knowing;MC;4;A;1;Gases in Earth's atmosphere;0;0.850180075;-0.667214117;0.028828884
S062211A;;0;1;S011;11A;8;S;6;Secured;Yes;Earth Science;Earth's Processes, Cycles, and History;;0;0;0;0;0;0;1;0;0;0;0;0;3B;;Applying;CR;–;–;1;Warmest and driest time of year;0;1.031574143;-0.78897738;0.078554431
S062225;;0;1;S03;04;8;S;6;Restricted Use;Yes;Biology;Diversity, Adaptation, and Natural Selection;;1;0;0;0;0;0;0;0;0;0;0;0;2B;;Applying;MC;4;A;1;Bone structure of forelimbs;0;0.601169822;-1.262585455;0.372615959
S062233;;0;1;S03;11;8;S;6;Restricted Use;Yes;Earth Science;Earth's Structure and Physical Features;;0;0;0;0;0;0;0;1;0;0;0;0;1B;;Knowing;MC;4;B;1;Water source for desalinization;0;1.296250957;-1.120875022;0.289413658
S062235;;0;1;S013;12;8;S;6;Secured;Yes;Earth Science;Earth's Resources, Their Use and Conservation;;0;0;0;0;0;0;0;1;0;0;0;0;2A;;Knowing;MC;4;A;1;Negative effects of fertilizer;0;1.995027917;-2.025031412;0.279511186
S062242A;S062242;0;1;S011;15A;8;S;6;Secured;No;Physics;Electricity and Magnetism;;0;0;0;0;0;0;0;0;0;1;0;0;2B;;Applying;MC;2;A;1;Waste removed by electromagnet: cans;0;0.649803414;2.388484442;0.022777674
S062243A;S062243;0;1;S013;15A;8;S;6;Secured;No;Earth Science;Earth's Processes, Cycles, and History;;0;0;0;0;0;0;0;0;1;0;0;0;3B;;Reasoning;MC;4;C;1;Animals and habitat: deer;0;1.302571168;0.43005604;0.014712017
S062243B;S062243;0;1;S013;15B;8;S;6;Secured;No;Earth Science;Earth's Processes, Cycles, and History;;0;0;0;0;0;0;0;0;1;0;0;0;3B;;Reasoning;MC;4;D;1;Animals and habitat: monkey;0;1.584804786;1.039754194;0.455212547
S062243C;S062243;0;1;S013;15C;8;S;6;Secured;No;Earth Science;Earth's Processes, Cycles, and History;;0;0;0;0;0;0;0;0;1;0;0;0;3B;;Reasoning;MC;4;A;1;Animals and habitat: camel;0;1.905945812;0.476186407;0.296212396
S062243D;S062243;0;1;S013;15D;8;S;6;Secured;No;Earth Science;Earth's Processes, Cycles, and History;;0;0;0;0;0;0;0;0;1;0;0;0;3B;;Reasoning;MC;4;B;1;Animals and habitat: polar bear;0;1.674300997;0.179952611;0.006384126
S062246;;0;1;S013;10;8;S;6;Secured;Yes;Chemistry;Composition of Matter;;0;0;0;0;1;0;0;0;0;0;0;0;1A;;Knowing;MC;4;C;1;True of all neutral atoms;0;1.163578433;-2.182508402;0.299170699
S062250;;0;1;S013;09;8;S;6;Secured;Yes;Chemistry;Chemical Change;;0;0;0;1;0;0;0;0;0;0;0;0;1C;;Applying;CR;–;–;1;Paint prevents rust;0;0.385569901;-1.321149813;0.003283889
S062253;;0;1;S02;06;8;S;6;Restricted Use;Yes;Chemistry;Chemical Change;;0;0;0;0;1;0;0;0;0;0;0;0;3;A;Knowing;MC;4;D;1;Chemical reaction definition;0;0.880792398;-0.349369382;0.002961271
S062262;;0;1;S03;07;8;S;6;Restricted Use;Yes;Physics;Light and Sound;;0;0;0;0;0;0;0;0;0;0;1;0;2B;;Knowing;MC;4;A;1;Sound used by animals;0;1.779574113;-2.36512011;0.11859546
S062268;;0;1;S02;11;8;S;6;Restricted Use;Yes;Physics;Forces and Motion;;0;0;0;0;0;0;0;0;0;1;0;0;3;A;Applying;MC;4;A;1;Toy car's distance over time;0;1.985608078;0.734434132;0.483389399
S062271;;0;1;S02;14;8;S;6;Restricted Use;Yes;Earth Science;Earth in the Solar System and the Universe;;0;0;0;0;0;0;1;0;0;0;0;0;1;B;Applying;MC;4;C;1;Solar system changing seasons;0;0.889930358;-0.838203421;0.44613659
S062275;;0;1;S03;03;8;S;6;Restricted Use;Yes;Chemistry;Properties of Matter;;0;0;0;1;0;0;0;0;0;0;0;0;3A;;Applying;CR;–;–;1;Separate oil and water;0;1.087714453;-0.947246392;0.000628343
S062276;;0;1;S09;10;8;S;6;Secured;Yes;Chemistry;Chemical Change;;0;0;0;1;0;0;0;0;0;0;0;0;1B;;Applying;CR;–;–;1;Iron object changes color;0;0.830419246;-2.031639603;0.017526919
S062279;;0;1;S011;01;8;S;6;Secured;Yes;Biology;Human Health;;0;1;0;0;0;0;0;0;0;0;0;0;2B;;Knowing;MC;4;A;1;Healthy and balanced meal;0;0.951719845;0.568369998;0.248736626
S062284;;0;1;S06;03;8;S;6;Restricted Use;Yes;Biology;Life Cycles, Reproduction, and Heredity;;1;0;0;0;0;0;0;0;0;0;0;0;2A;;Applying;MC;4;B;1;Hair color of young rabbits;0;0.709060878;-0.05616473;0.465466906
S072000B;S072000;0;1;S012;03B;8;S;7;Secured;No;Biology;Characteristics and Life Processes of Organisms;;1;0;0;0;0;0;0;0;0;0;0;0;1A;;Applying;MC;6;C;1;Characteristics of organisms - cold-blooded, exoskeleton;0;1.32452043;0.098974263;0.229187605
S072000C;S072000;0;1;S012;03C;8;S;7;Secured;No;Biology;Characteristics and Life Processes of Organisms;;1;0;0;0;0;0;0;0;0;0;0;0;1A;;Applying;MC;6;B;1;Characteristics of organisms - spores, decomp org for energy;0;1.457188307;1.074494934;0.292144102
S072000D;S072000;0;1;S012;03D;8;S;7;Secured;No;Biology;Characteristics and Life Processes of Organisms;;1;0;0;0;0;0;0;0;0;0;0;0;1A;;Applying;MC;6;F;1;Characteristics of organisms - cold-blooded, scales;0;1.413488962;2.619819239;0.007442302
S072000E;S072000;0;1;S012;03E;8;S;7;Secured;No;Biology;Characteristics and Life Processes of Organisms;;1;0;0;0;0;0;0;0;0;0;0;0;1A;;Applying;MC;6;D;1;Characteristics of organisms - breathe air, bear live young;0;1.379907309;1.793686157;0.02319702
S072002;;0;1;S04;01;8;S;7;Secured;Yes;Biology;Characteristics and Life Processes of Organisms;;1;0;0;0;0;0;0;0;0;0;0;0;1A;;Applying;MC;4;D;1;Unusual characteristics of echidna;0;1.704971231;1.150862805;0.159618362
S072011;;0;1;S014;01;8;S;7;Secured;Yes;Biology;Characteristics and Life Processes of Organisms;;0;0;1;0;0;0;0;0;0;0;0;0;2B;;Reasoning;MC;4;A;1;Compare fish and human fields of vision;0;0.886781954;0.997858521;0.034002879
S072016B;;0;1;S014;04B;8;S;7;Secured;No;Biology;Characteristics and Life Processes of Organisms;;1;0;0;0;0;0;0;0;0;0;0;0;2C;;Applying;CR;–;–;1;Gases in inhaled and exhaled air - nitrogen;0;1.47477055;-0.742987696;0.006546976
S072021;;0;1;S04;03;8;S;7;Secured;Yes;Biology;Cells and Their Functions;;0;1;0;0;0;0;0;0;0;0;0;0;1A;;Knowing;MC;4;B;1;Origin of new cells as organisms grow;0;2.044993431;0.003391902;0.341258873
S072024;;0;1;S08;03;8;S;7;Secured;Yes;Biology;Cells and Their Functions;;0;1;0;0;0;0;0;0;0;0;0;0;1B;;Knowing;MC;4;D;1;Removal of chloroplasts from a plant cell;0;1.390882005;-0.935862297;0.359852853
S072029;;0;1;S02;02;8;S;7;Restricted Use;Yes;Biology;Cells and Their Functions;;0;1;0;0;0;0;0;0;0;0;0;0;1B;;Knowing;MC;4;B;1;Where in a cell DNA replication occurs;0;1.056661286;-1.017864383;0.394925238
S072031;;0;1;S010;04;8;S;7;Secured;Yes;Biology;Cells and Their Functions;;0;0;1;0;0;0;0;0;0;0;0;0;2A;;Reasoning;MC;4;D;1;Plant heights in woodlice habitats;0;1.167378587;-1.890444144;0.229650423
S072032;;0;1;S010;03;8;S;7;Secured;Yes;Biology;Cells and Their Functions;;1;0;0;0;0;0;0;0;0;0;0;0;2B;;Applying;MC;4;C;1;Tube with materials for cellular respiration;0;2.117374387;-2.472534048;0.373014103
S072033A;S072033;0;1;S010;01A;8;S;7;Secured;No;Biology;Cells and Their Functions;;0;1;0;0;0;0;0;0;0;0;0;0;1D;;Knowing;MC;6;B;1;Functions of different types of cells - muscle;0;1.653669814;0.864256369;0.316284548
S072033B;S072033;0;1;S010;01B;8;S;7;Secured;No;Biology;Cells and Their Functions;;0;1;0;0;0;0;0;0;0;0;0;0;1D;;Knowing;MC;6;E;1;Functions of different types of cells - bone;0;1.810792899;0.941919738;0.322221747
S072033C;S072033;0;1;S010;01C;8;S;7;Secured;No;Biology;Cells and Their Functions;;0;1;0;0;0;0;0;0;0;0;0;0;1D;;Knowing;MC;6;F;1;Functions of different types of cells - nerve;0;1.974943401;1.292123085;0.40281017
S072033E;S072033;0;1;S010;01E;8;S;7;Secured;No;Biology;Cells and Their Functions;;0;1;0;0;0;0;0;0;0;0;0;0;1D;;Knowing;MC;6;C;1;Functions of different types of cells - white blood cell;0;2.210677512;0.023247938;0.439326374
S072038;;0;1;S012;06;8;S;7;Secured;Yes;Biology;Cells and Their Functions;;1;0;0;0;0;0;0;0;0;0;0;0;2B;;Applying;MC;4;A;1;What makes fermentation unique;0;1.006667883;-0.942398922;0.205411165
S072049;;0;1;S014;03;8;S;7;Secured;Yes;Biology;Life Cycles, Reproduction, and Heredity;;1;0;0;0;0;0;0;0;0;0;0;0;2B;;Applying;MC;4;B;1;Source of DNA making flowers pink;0;0.852037801;0.727381861;0.194964495
S072066;;0;1;S04;05;8;S;7;Secured;Yes;Biology;Ecosystems;;1;0;0;0;0;0;0;0;0;0;0;0;3B;;Applying;MC;4;C;1;Identify predators in diagram;0;0.830783753;0.427846212;0.008450412
S072070;;0;1;S08;01;8;S;7;Secured;Yes;Biology;Ecosystems;;1;0;0;0;0;0;0;0;0;0;0;0;3C;;Applying;MC;4;D;1;Symbiosis between crocodiles and birds;0;1.36647076;-1.335004816;0.301271057
S072072;;0;1;S02;01;8;S;7;Restricted Use;Yes;Biology;Ecosystems;;0;1;0;0;0;0;0;0;0;0;0;0;3C;;Knowing;MC;4;D;1;Relationship between insects and flowering plants;0;0.608379327;0.264007234;0.014057335
S072074;;0;1;S014;06;8;S;7;Secured;Yes;Biology;Ecosystems;;0;1;0;0;0;0;0;0;0;0;0;0;5A;;Knowing;CR;–;–;1;How planting trees benefits environment;0;1.546967445;-1.510393286;0.128626113
S072078;;0;1;S012;01;8;S;7;Secured;Yes;Biology;Ecosystems;;0;1;0;0;0;0;0;0;0;0;0;0;2A;;Knowing;CR;–;–;1;Plant part that releases water;0;0.87180349;0.252376552;0.013703513
S072082;;0;1;S04;04;8;S;7;Secured;Yes;Biology;Ecosystems;;1;0;0;0;0;0;0;0;0;0;0;0;5A;;Applying;CR;–;–;1;How fewer vehicles affects air quality;0;0.90506943;0.995184649;0.002870217
S072091;;0;1;S014;07;8;S;7;Secured;Yes;Biology;Human Health;;0;1;0;0;0;0;0;0;0;0;0;0;1B;;Knowing;MC;4;C;1;Function of white blood cells;0;1.182803647;-0.306251375;0.213382128
S072100;;0;1;S08;08;8;S;7;Secured;Yes;Chemistry;Chemical Change;;0;0;0;1;0;0;0;0;0;0;0;0;2A;;Applying;MC;4;C;1;Number of hydrogen atoms in Diagram A;0;0.370329573;0.516281205;0.013908021
S072102;;0;1;S04;07;8;S;7;Secured;Yes;Chemistry;Composition of Matter;;0;0;0;0;1;0;0;0;0;0;0;0;1A;;Knowing;CR;–;–;1;Subatomic particle not included in diagram;0;0.982833926;0.638110316;0.00513297
S072103;;0;1;S02;06;8;S;7;Restricted Use;Yes;Chemistry;Composition of Matter;;0;0;0;0;1;0;0;0;0;0;0;0;1A;;Knowing;CR;–;–;1;Location of subatomic particles;0;1.094139087;-1.420856599;0.442322504
S072109;;0;1;S014;08;8;S;7;Secured;Yes;Chemistry;Composition of Matter;;0;0;0;1;0;0;0;0;0;0;0;0;3A;;Applying;CR;–;–;1;Place elements in periodic table;0;1.030261993;-2.664471072;0.193976598
S072110;;0;1;S02;07;8;S;7;Restricted Use;Yes;Chemistry;Composition of Matter;;0;0;0;1;0;0;0;0;0;0;0;0;3A;;Applying;CR;–;–;1;Order elements from smallest to largest atomic num;0;0.671047748;-1.405829251;0.015670546
S072116;;0;1;S010;09;8;S;7;Secured;Yes;Chemistry;Composition of Matter;;0;0;0;0;1;0;0;0;0;0;0;0;3B;;Knowing;MC;4;A;1;Elements in Group 7;0;0.265944912;-0.369291934;0.081174186
S072120;;0;1;S012;07;8;S;7;Secured;Yes;Chemistry;Properties of Matter;;0;0;0;0;1;0;0;0;0;0;0;0;1A;;Knowing;MC;4;B;1;Identify a chemical property;0;0.301350489;-0.456457836;0.077121655
S072123;;0;1;S010;08;8;S;7;Secured;Yes;Chemistry;Properties of Matter;;0;0;0;0;0;1;0;0;0;0;0;0;1B;;Reasoning;MC;4;B;1;Properties of liquid in thermometer;0;0.856946486;1.077939197;0.251365041
S072130A;;0;1;S02;08A;8;S;7;Restricted Use;No;Chemistry;Properties of Matter;;0;0;0;0;1;0;0;0;0;0;0;0;4B;;Knowing;MC;3;C;1;Acidic, basic, or neutral solution - Solution 1;0;1.255673224;-1.727909551;0.186585342
S072132;;0;1;S014;10;8;S;7;Secured;Yes;Chemistry;Properties of Matter;;0;0;0;0;0;1;0;0;0;0;0;0;4B;;Reasoning;CR;–;–;1;Hydrangea colors in acidic soil;0;0.841702755;-1.474690665;0.004451104
S072137;;0;1;S08;10;8;S;7;Secured;Yes;Chemistry;Properties of Matter;;0;0;0;1;0;0;0;0;0;0;0;0;1C;;Applying;MC;4;B;1;How carbon dioxide extinguishes a fire;0;1.195933441;0.170760648;0.031272979
S072140;;0;1;S014;09;8;S;7;Secured;Yes;Chemistry;Properties of Matter;;0;0;0;0;0;1;0;0;0;0;0;0;2B;;Reasoning;MC;4;C;1;How substances are grouped;0;0.810149877;-1.027290899;0.284008454
S072141A;;0;1;S04;08A;8;S;7;Secured;Yes;Chemistry;Properties of Matter;;0;0;0;0;0;1;0;0;0;0;0;0;2B;;Reasoning;CR;–;–;1;Best measurement to answer George's question;0;0.944998346;-1.516528402;0.001128365
S072143A;S072143;0;1;S012;08A;8;S;7;Secured;No;Chemistry;Properties of Matter;;0;0;0;0;0;1;0;0;0;0;0;0;3A;;Reasoning;MC;5;A;1;Equipment Tom should use - water and salt/salt;0;1.581239836;-1.905359179;0.331969641
S072143B;S072143;0;1;S012;08B;8;S;7;Secured;No;Chemistry;Properties of Matter;;0;0;0;0;0;1;0;0;0;0;0;0;3A;;Reasoning;MC;5;C;1;Equipment Tom should use - water and sand/water;0;1.66842504;-1.712650272;0.328232476
S072143C;S072143;0;1;S012;08C;8;S;7;Secured;No;Chemistry;Properties of Matter;;0;0;0;0;0;1;0;0;0;0;0;0;3A;;Reasoning;MC;5;D;1;Equipment Tom should use - sand and pebbles/pebbles;0;1.632423136;-1.396427445;0.450763251
S072143D;S072143;0;1;S012;08D;8;S;7;Secured;No;Chemistry;Properties of Matter;;0;0;0;0;0;1;0;0;0;0;0;0;3A;;Reasoning;MC;5;B;1;Equipment Tom should use - copper and iron filings/iron ;0;0.963705125;1.536538799;0.3335651
S072145;;0;1;S08;07;8;S;7;Secured;Yes;Chemistry;Properties of Matter;;0;0;0;0;0;1;0;0;0;0;0;0;3A;;Reasoning;CR;–;–;1;John's mixture separation steps;0;1.482763293;-2.509648714;0.00069932
S072148;;0;1;S02;09;8;S;7;Restricted Use;Yes;Chemistry;Properties of Matter;;0;0;0;0;1;0;0;0;0;0;0;0;4C;;Knowing;MC;4;D;1;Mixing an acid and base solution;0;1.018509254;-2.088574491;0.112068755
S072168;;0;1;S012;10;8;S;7;Secured;Yes;Chemistry;Chemical Change;;0;0;0;0;1;0;0;0;0;0;0;0;3A;;Knowing;MC;4;D;1;Formation of iron sulfide;0;1.512354592;-1.787702939;0.267864696
S072200;;0;1;S02;10;8;S;7;Restricted Use;Yes;Physics;Physical States and Changes in Matter;;0;0;0;0;0;0;0;0;0;1;0;0;1B;;Applying;MC;4;A;1;Gas molecules in an expanding balloon;0;0.637827043;-0.552169967;0.038058065
S072205;;0;1;S012;11;8;S;7;Secured;Yes;Physics;Physical States and Changes in Matter;;0;0;0;0;0;0;0;0;0;0;1;0;2A;;Knowing;MC;4;C;1;Water molecules in a melting ice cube;0;0.483589341;-0.123810402;0.019130685
S072209;;0;1;S014;11;8;S;7;Secured;Yes;Physics;Physical States and Changes in Matter;;0;0;0;0;0;0;0;0;0;1;0;0;2A;;Applying;MC;4;A;1;Process in section 2 of graph;0;0.81105487;-0.279476802;0.003476502
S072232A;S072232;0;1;S02;11A;8;S;7;Restricted Use;No;Physics;Energy Transformation and Transfer;;0;0;0;0;0;0;0;0;0;0;0;1;2C;;Reasoning;MC;2;A;1;Things Tom should do - same type of wax on both rods;0;2.205009815;1.276386488;0.286707226
S072232B;S072232;0;1;S02;11B;8;S;7;Restricted Use;No;Physics;Energy Transformation and Transfer;;0;0;0;0;0;0;0;0;0;0;0;1;2C;;Reasoning;MC;2;B;1;Things Tom should do - higher flame for the copper rod;0;2.708056037;2.317793226;0.26163917
S072232D;S072232;0;1;S02;11D;8;S;7;Restricted Use;No;Physics;Energy Transformation and Transfer;;0;0;0;0;0;0;0;0;0;0;0;1;2C;;Reasoning;MC;2;A;1;Things Tom should do - paperclips same distance from flame;0;2.488913195;1.689587272;0.335950648
S072232F;S072232;0;1;S02;11F;8;S;7;Restricted Use;No;Physics;Energy Transformation and Transfer;;0;0;0;0;0;0;0;0;0;0;0;1;2C;;Reasoning;MC;2;B;1;Things Tom should do - more wax on the iron rod;0;1.572699938;2.242108611;0.0866907
S072234;;0;1;S04;10;8;S;7;Secured;Yes;Physics;Energy Transformation and Transfer;;0;0;0;0;0;0;0;0;0;1;0;0;2B;;Applying;MC;4;D;1;Energy transfer during temperature change;0;1.770493835;-2.660406035;0.150252832
S072244;;0;1;S02;13;8;S;7;Restricted Use;Yes;Physics;Light and Sound;;0;0;0;0;0;0;0;0;0;1;0;0;2A;;Applying;CR;–;–;1;Cell phone in a vacuum;0;1.315626742;-1.519057264;0.003655054
S072249;;0;1;S014;13;8;S;7;Secured;Yes;Physics;Light and Sound;;0;0;0;0;0;0;0;0;0;0;1;0;2A;;Knowing;MC;4;D;1;Sounds made by shortest and longest bars of a xylophone;0;0.731876347;-0.267539918;0.011197054
S072251;;0;1;S04;11;8;S;7;Secured;Yes;Physics;Light and Sound;;0;0;0;0;0;0;0;0;0;0;0;1;1B;;Reasoning;MC;4;A;1;Where Megan should stand;0;0.725411436;-0.854169145;0.199561994
S072260B;S072260;0;1;S08;13B;8;S;7;Secured;No;Physics;Electricity and Magnetism;;0;0;0;0;0;0;0;0;0;0;0;1;1A;;Reasoning;MC;2;B;1;Components Julia must use to build a circuit - rubber band;0;0.240025062;2.176092188;0.136023137
S072260C;S072260;0;1;S08;13C;8;S;7;Secured;No;Physics;Electricity and Magnetism;;0;0;0;0;0;0;0;0;0;0;0;1;1A;;Reasoning;MC;2;B;1;Components Julia must use to build a circuit - bulb;0;0.811094556;2.007578287;0.048314475
S072260D;S072260;0;1;S08;13D;8;S;7;Secured;No;Physics;Electricity and Magnetism;;0;0;0;0;0;0;0;0;0;0;0;1;1A;;Reasoning;MC;2;B;1;Components Julia must use to build a circuit - thread;0;0.625515843;2.249540796;0.062402697
S072260F;S072260;0;1;S08;13F;8;S;7;Secured;No;Physics;Electricity and Magnetism;;0;0;0;0;0;0;0;0;0;0;0;1;1A;;Reasoning;MC;2;A;1;Components Julia must use to build a circuit - bell;0;0.862485273;2.272487239;0.029610136
S072260G;S072260;0;1;S08;13G;8;S;7;Secured;No;Physics;Electricity and Magnetism;;0;0;0;0;0;0;0;0;0;0;0;1;1A;;Reasoning;MC;2;B;1;Components Julia must use to build a circuit - tape;0;0.366741717;0.908962801;0.160687405
S072261B;;0;1;S010;13B;8;S;7;Secured;No;Physics;Electricity and Magnetism;;0;0;0;0;0;0;0;0;0;0;1;0;1A;;Knowing;MC;2;A;1;Conductors or insulators - Material 2;0;0.813574813;0.301586902;0.253810183
S072265A;S072265;0;1;S08;14A;8;S;7;Secured;No;Physics;Electricity and Magnetism;;0;0;0;0;0;0;0;0;0;0;1;0;2A;;Knowing;MC;2;A;1;Statements about magnets - like poles repel;0;0.940267958;1.415775207;0.407251245
S072265B;S072265;0;1;S08;14B;8;S;7;Secured;No;Physics;Electricity and Magnetism;;0;0;0;0;0;0;0;0;0;0;1;0;2A;;Knowing;MC;2;B;1;Statements about magnets - plastics are magnetic;0;1.220099565;1.963894332;0.32018148
S072265E;S072265;0;1;S08;14E;8;S;7;Secured;No;Physics;Electricity and Magnetism;;0;0;0;0;0;0;0;0;0;0;1;0;2A;;Knowing;MC;2;B;1;Statements about magnets - size and strength;0;1.325138206;-1.502388944;0.489195822
S072275;;0;1;S02;12;8;S;7;Restricted Use;Yes;Physics;Motion and Forces;;0;0;0;0;0;0;0;0;0;0;1;0;2B;;Knowing;MC;4;D;1;Vehicle with different weights on different planets;0;1.021100685;1.647215683;0.124571361
S072280A;;0;1;S012;13A;8;S;7;Secured;Yes;Physics;Motion and Forces;;0;0;0;0;0;0;0;0;0;0;0;1;1A;;Reasoning;CR;–;–;1;Movement of motorbike in chronophotograph A;0;1.69709606;-2.467620286;0.116878668
S072284;;0;1;S04;12;8;S;7;Secured;Yes;Physics;Motion and Forces;;0;0;0;0;0;0;0;0;0;0;1;0;2A;;Knowing;CR;–;–;1;Force represented by arrow in picture;0;1.116872893;0.028409254;0.248889687
S072293;;0;1;S012;12;8;S;7;Secured;Yes;Physics;Motion and Forces;;0;0;0;0;0;0;0;0;0;1;0;0;3D;;Applying;CR;–;–;1;Why Ben slides faster when the water is on;0;1.066103966;-1.93501515;0.006188957
S072294;;0;1;S010;11;8;S;7;Secured;Yes;Physics;Motion and Forces;;0;0;0;0;0;0;0;0;0;1;0;0;3D;;Applying;CR;–;–;1;How parachute slows Skydiver B's fall;0;1.284588196;-1.761435423;0.152235235
S072298;;0;1;S08;11;8;S;7;Secured;Yes;Physics;Motion and Forces;;0;0;0;0;0;0;0;0;0;0;1;0;1A;;Knowing;CR;–;–;1;Information Kerry needs to calculate her average speed;0;1.320080469;-2.161829872;0.001872864
S072301;;0;1;S02;14;8;S;7;Restricted Use;Yes;Earth Science;Earth's Structure and Physical Features;;0;0;0;0;0;0;0;1;0;0;0;0;2B;;Knowing;MC;4;B;1;Why balloon gets bigger as it rises;0;0.431190191;-0.155760093;0.009357054
S072303;;0;1;S014;16;8;S;7;Secured;Yes;Earth Science;Earth's Structure and Physical Features;;0;0;0;0;0;0;1;0;0;0;0;0;1A;;Applying;MC;4;D;1;Diagram best representing Earth;0;0.780734518;-1.014691426;0.111677446
S072323;;0;1;S014;14;8;S;7;Secured;Yes;Earth Science;Earth's Processes, Cycles, and History;;0;0;0;0;0;0;0;1;0;0;0;0;1A;;Knowing;MC;4;B;1;Conditions where rock will weather the fastest;0;0.60444511;-0.026459937;0.237963349
S072335;;0;1;S02;16;8;S;7;Restricted Use;Yes;Earth Science;Earth's Processes, Cycles, and History;;0;0;0;0;0;0;1;0;0;0;0;0;1C;;Applying;MC;4;C;1;Natural resource formation shown in diagrams;0;2.105383495;-0.419501761;0.385096709
S072345B;S072345;0;1;S04;13B;8;S;7;Secured;No;Earth Science;Earth's Resources, Their Use and Conservation;;0;0;0;0;0;0;1;0;0;0;0;0;1C;;Applying;MC;3;B;1;Reduce, reuse, or recycle - refilling plastic water bottles;0;2.52759824;1.578146038;0.355974876
S072345C;S072345;0;1;S04;13C;8;S;7;Secured;No;Earth Science;Earth's Resources, Their Use and Conservation;;0;0;0;0;0;0;1;0;0;0;0;0;1C;;Applying;MC;3;B;1;Reduce, reuse, or recycle - recharging batteries;0;1.141721957;0.450382669;0.408997108
S072345D;S072345;0;1;S04;13D;8;S;7;Secured;No;Earth Science;Earth's Resources, Their Use and Conservation;;0;0;0;0;0;0;1;0;0;0;0;0;1C;;Applying;MC;3;C;1;Reduce, reuse, or recycle - new cardboard from old boxes;0;0.860294965;2.008448012;0.041494261
S072345E;S072345;0;1;S04;13E;8;S;7;Secured;No;Earth Science;Earth's Resources, Their Use and Conservation;;0;0;0;0;0;0;1;0;0;0;0;0;1C;;Applying;MC;3;C;1;Reduce, reuse, or recycle - composting;0;0.714948279;-0.569772776;0.245732554
S072345G;S072345;0;1;S04;13G;8;S;7;Secured;No;Earth Science;Earth's Resources, Their Use and Conservation;;0;0;0;0;0;0;1;0;0;0;0;0;1C;;Applying;MC;3;C;1;Reduce, reuse, or recycle - windows from glass bottles;0;0.95134685;0.940942771;0.167343453
S072347;;0;1;S08;15;8;S;7;Secured;Yes;Earth Science;Earth's Resources, Their Use and Conservation;;0;0;0;0;0;0;0;0;1;0;0;0;2B;;Reasoning;MC;4;A;1;Area that would most benefit from desalination plant;0;1.101140347;-1.082355703;0.093608571
S072348;;0;1;S010;15;8;S;7;Secured;Yes;Earth Science;Earth's Resources, Their Use and Conservation;;0;0;0;0;0;0;0;1;0;0;0;0;2B;;Knowing;CR;–;–;1;What must be removed from ocean water before drinking;0;0.533108999;1.743648648;0.16386056
S072349;;0;1;S04;14;8;S;7;Secured;Yes;Earth Science;Earth's Resources, Their Use and Conservation;;0;0;0;0;0;0;0;0;1;0;0;0;2A;;Reasoning;MC;4;A;1;Why an area floods more often after a forest is cleared;0;1.22122111;0.31960592;0.070446194
S072351;;0;1;S08;16;8;S;7;Secured;Yes;Earth Science;Earth's Resources, Their Use and Conservation;;0;0;0;0;0;0;0;1;0;0;0;0;1A;;Knowing;CR;–;–;1;Why oil, gas, and coal are nonrenewable resources;0;1.136403731;-0.647985993;0.13181532
S072363;;0;1;S04;15;8;S;7;Secured;Yes;Earth Science;Earth in the Solar System and the Universe;;0;0;0;0;0;0;0;1;0;0;0;0;2A;;Knowing;MC;4;C;1;How the Sun produces light;0;1.078272648;1.575377742;0.006379571
S072367;;0;1;S08;17;8;S;7;Secured;Yes;Earth Science;Earth in the Solar System and the Universe;;0;0;0;0;0;0;1;0;0;0;0;0;1B;;Applying;MC;4;A;1;Main cause of changing tides;0;0.990724353;0.651688612;0.004645167
S072368;;0;1;S014;15;8;S;7;Secured;Yes;Earth Science;Earth in the Solar System and the Universe;;0;0;0;0;0;0;0;0;1;0;0;0;1B;;Reasoning;MC;4;C;1;Position of Moon when Jill took her photo;0;1.330133564;0.648811582;0.353665336
S072370;;0;1;S012;14;8;S;7;Secured;Yes;Earth Science;Earth in the Solar System and the Universe;;0;0;0;0;0;0;1;0;0;0;0;0;2A;;Applying;MC;4;C;1;What makes Saturn visible;0;1.662704049;-0.419364294;0.353049832
S072400D;;0;1;S08;02D;8;S;7;Secured;No;Biology;Characteristics and Life Processes of Organisms;;0;1;0;0;0;0;0;0;0;0;0;0;2A;;Knowing;MC;6;D;1;Match organs to body systems - brain;0;1.04562951;2.805874026;0.045358169
S072403C;S072403;0;1;S04;02C;8;S;7;Secured;No;Biology;Characteristics and Life Processes of Organisms;;0;1;0;0;0;0;0;0;0;0;0;0;1B;;Knowing;MC;6;F;1;Classifying animals into groups - mammals;0;1.130902644;1.931769741;0.003808217
S072403D;S072403;0;1;S04;02D;8;S;7;Secured;No;Biology;Characteristics and Life Processes of Organisms;;0;1;0;0;0;0;0;0;0;0;0;0;1B;;Knowing;MC;6;E;1;Classifying animals into groups - reptiles;0;1.084756035;1.716519809;0.004876417
S072440;;0;1;S010;02;8;S;7;Secured;Yes;Biology;Life Cycles, Reproduction, and Heredity;;1;0;0;0;0;0;0;0;0;0;0;0;2C;;Applying;CR;–;–;1;Inherited and acquired traits (bird);0;0.382932887;0.152873626;0.155472071
S072443;;0;1;S08;05;8;S;7;Secured;Yes;Biology;Life Cycles, Reproduction, and Heredity;;0;1;0;0;0;0;0;0;0;0;0;0;2B;;Knowing;MC;4;B;1;Human DNA ;0;0.860391034;0.91039126;0.064664442
S072451;;0;1;S014;05;8;S;7;Secured;Yes;Biology;Diversity, Adaptation, and Natural Selection;;0;0;1;0;0;0;0;0;0;0;0;0;2A;;Reasoning;CR;–;–;1;Oldest fossils;0;0.879914783;-0.030932392;0.01486429
S072460;;0;1;S012;02;8;S;7;Secured;Yes;Biology;Ecosystems;;1;0;0;0;0;0;0;0;0;0;0;0;5B;;Applying;MC;4;A;1;Human activity that can cause algal blooms;0;0.642106104;-0.267770272;0.37212702
S072462;;0;1;S08;04;8;S;7;Secured;Yes;Biology;Ecosystems;;1;0;0;0;0;0;0;0;0;0;0;0;1B;;Applying;MC;4;C;1;Largest transfer of energy in energy pyramid;0;0.614096906;-0.909081349;0.307990654
S072721;;0;1;S02;15;8;S;7;Restricted Use;Yes;Earth Science;Earth's Processes, Cycles, and History;;0;0;0;0;0;0;0;0;1;0;0;0;3D;;Reasoning;MC;4;A;1;Evidence of global warming;0;1.945968257;0.585906407;0.255500815
S072900A;S072900;0;1;S02;05A;8;S;7;Restricted Use;Yes;Biology;Characteristics and Life Processes of Organisms;;1;0;0;0;0;0;0;0;0;0;0;0;1B;;Applying;CR;–;–;1;Classify animals based on a single characteristic;0;1.246154213;-0.276576615;0.003880066
S072900B;S072900;0;1;S02;05B;8;S;7;Restricted Use;Yes;Biology;Characteristics and Life Processes of Organisms;;0;0;1;0;0;0;0;0;0;0;0;0;1B;;Reasoning;CR;–;–;1;Identify the characteristic used to classify animals;0;0.949199633;-0.158620576;0.04406684
S072901;;0;1;S012;05;8;S;7;Secured;Yes;Biology;Diversity, Adaptation, and Natural Selection;;0;0;1;0;0;0;0;0;0;0;0;0;2B;;Reasoning;MC;4;B;1;Snakes sharing physical and behavioral traits;0;0.542513884;0.170316927;0.014349056
S072902;;0;1;S02;03;8;S;7;Restricted Use;Yes;Biology;Ecosystems;;0;0;1;0;0;0;0;0;0;0;0;0;2B;;Reasoning;CR;–;–;1;Increase green space as carbon dioxide increases;0;1.122543584;-0.544957139;0.174775447
S072905A;S072905;0;1;S014;02A;8;S;7;Secured;No;Biology;Human Health;;0;1;0;0;0;0;0;0;0;0;0;0;2A;;Knowing;MC;6;B;1;Risk factors for disease: salt;0;0.625427784;1.312170416;0.045492878
S072905C;S072905;0;1;S014;02C;8;S;7;Secured;No;Biology;Human Health;;0;1;0;0;0;0;0;0;0;0;0;0;2A;;Knowing;MC;6;A;1;Risk factors for disease: fat and sugar;0;0.815451072;2.55520752;0.026744029
S072921;;0;1;S04;09;8;S;7;Secured;Yes;Chemistry;Properties of Matter;;0;0;0;1;0;0;0;0;0;0;0;0;4C;;Applying;CR;–;–;1;Combining Solution 2 and Solution 3;0;1.203776434;-2.905352757;0.002968828
